Age,Gender,Department,Job_Role,Tenure_Years,Monthly_Salary,Performance_Rating,Training_Hours,Attrition,Salary_Level,Age_Group,High_Performer_Stayed
25,Female,Operations,Senior Executive,9.9,87154.5,2,20,No,Low,Young,False
46,Female,Finance,Senior Executive,11.3,87154.5,3,31,No,Low,Senior,False
24,Male,Marketing,Senior Executive,9.3,87154.5,4,4,No,Low,Young,True
40,Male,Marketing,Senior Executive,19.6,87154.5,5,73,No,Low,Middle-Aged,True
44,Male,IT,Senior Executive,15.2,87154.5,3,61,No,Low,Middle-Aged,False
49,Male,HR,Senior Executive,9.8,87154.5,1,20,No,Low,Senior,False
35,Male,Finance,Senior Executive,14.8,87154.5,3,78,Yes,Low,Middle-Aged,False
44,Female,HR,Senior Executive,15.4,87154.5,1,77,No,Low,Middle-Aged,False
29,Male,IT,Senior Executive,2.7,87154.5,4,44,Yes,Low,Young,False
46,Male,HR,Senior Executive,6.8,87154.5,2,67,No,Low,Senior,False
47,Female,Unknown,Senior Executive,6.9,87154.5,1,67,Yes,Low,Senior,False
29,Male,Unknown,Manager,18.9,87154.5,5,48,No,Low,Young,True
59,Female,Unknown,Manager,17.1,87154.5,4,76,Yes,Low,Senior,False
25,Female,Unknown,Manager,6.4,87154.5,2,68,Yes,Low,Young,False
28,Female,Unknown,Manager,19.8,87154.5,4,67,No,Low,Young,True
21,Male,Unknown,Manager,1.9,87154.5,4,16,No,Low,Young,True
32,Female,Unknown,Manager,7.0,87154.5,4,7,No,Low,Middle-Aged,True
27,Male,Unknown,Manager,4.4,87154.5,4,23,Yes,Low,Young,False
40,Female,Unknown,Manager,10.7,87154.5,2,14,No,Low,Middle-Aged,False
26,Male,Unknown,Manager,18.1,87154.5,3,51,Yes,Low,Young,False
45,Male,Unknown,Manager,15.9,87154.5,2,28,No,Low,Middle-Aged,False
21,Male,Unknown,Team Lead,1.2,140095.0,4,18,No,High,Young,True
55,Female,Unknown,Team Lead,5.3,104003.0,2,46,No,High,Senior,False
30,Male,Unknown,Manager,15.7,79298.0,2,54,No,Low,Young,False
35,Female,Unknown,Manager,6.0,109712.0,4,76,No,High,Middle-Aged,True
59,Male,Unknown,Team Lead,16.5,95665.0,2,64,Yes,High,Senior,False
25,Female,Unknown,Team Lead,12.6,102445.0,2,47,Yes,High,Young,False
30,Female,Unknown,Executive,14.1,40346.0,3,55,No,Low,Young,False
44,Male,Unknown,Team Lead,14.4,94577.0,4,1,No,High,Middle-Aged,True
56,Female,Unknown,Manager,11.7,76955.0,1,7,No,Low,Senior,False
24,Male,Unknown,Manager,4.1,22783.0,1,10,No,Low,Young,False
29,Male,IT,Executive,16.3,39531.0,5,16,Yes,Low,Young,False
40,Female,HR,Team Lead,11.5,89895.0,3,65,No,High,Middle-Aged,False
22,Female,IT,Team Lead,14.6,20487.0,3,21,Yes,Low,Young,False
21,Female,Operations,Senior Executive,1.0,27439.0,2,54,Yes,Low,Young,False
37,Male,Finance,Senior Executive,4.0,117000.0,3,57,No,High,Middle-Aged,False
52,Female,Operations,Executive,11.5,126781.0,4,72,Yes,High,Senior,False
50,Female,IT,Senior Executive,16.1,136943.0,1,5,Yes,High,Senior,False
49,Male,IT,Team Lead,7.5,73777.0,2,39,No,Low,Senior,False
28,Male,IT,Manager,15.1,131236.0,5,77,No,High,Young,True
44,Female,Marketing,Team Lead,0.5,50367.0,2,57,No,Low,Middle-Aged,False
31,Male,IT,Team Lead,1.4,127572.0,1,50,No,High,Middle-Aged,False
56,Female,HR,Senior Executive,13.9,122606.0,4,25,No,High,Senior,True
21,Male,Finance,Manager,19.8,50370.0,4,35,No,Low,Young,True
28,Male,Operations,Senior Executive,6.7,131030.0,2,4,No,High,Young,False
44,Female,HR,Executive,7.1,79443.0,4,71,No,Low,Middle-Aged,True
49,Female,Finance,Manager,7.1,145310.0,2,33,No,High,Senior,False
53,Female,Operations,Team Lead,11.8,60085.0,3,11,No,Low,Senior,False
42,Male,Marketing,Manager,8.2,77675.0,2,17,No,Low,Middle-Aged,False
57,Female,HR,Manager,7.6,54560.0,4,8,Yes,Low,Senior,False
56,Male,HR,Executive,15.5,26838.0,3,13,No,Low,Senior,False
54,Female,IT,Team Lead,0.5,135655.0,1,13,No,High,Senior,False
24,Male,IT,Team Lead,17.5,106548.0,5,68,No,High,Young,True
48,Male,Operations,Executive,15.0,130229.0,2,44,No,High,Senior,False
54,Male,Operations,Senior Executive,19.2,69677.0,4,34,No,Low,Senior,True
40,Male,Operations,Manager,16.9,52904.0,2,6,No,Low,Middle-Aged,False
48,Female,Operations,Senior Executive,16.0,22643.0,5,36,No,Low,Senior,True
25,Male,Finance,Manager,6.2,97135.0,4,10,No,High,Young,True
40,Male,Marketing,Senior Executive,15.7,102291.0,5,72,No,High,Middle-Aged,True
54,Female,IT,Team Lead,12.1,44337.0,5,17,Yes,Low,Senior,False
51,Male,Operations,Senior Executive,7.3,32625.0,3,61,No,Low,Senior,False
58,Female,HR,Team Lead,16.3,98246.0,4,74,Yes,High,Senior,False
30,Male,Operations,Team Lead,10.0,67526.0,1,10,No,Low,Young,False
50,Female,Operations,Executive,19.7,52318.0,3,30,No,Low,Senior,False
38,Male,Marketing,Manager,14.6,115959.0,3,76,No,High,Middle-Aged,False
52,Male,Marketing,Executive,17.7,53365.0,5,17,No,Low,Senior,True
23,Female,HR,Executive,18.1,32270.0,2,72,No,Low,Young,False
40,Female,HR,Manager,11.9,66789.0,4,22,No,Low,Middle-Aged,True
39,Female,Finance,Executive,17.9,134415.0,4,24,No,High,Middle-Aged,True
42,Male,IT,Manager,12.2,25797.0,5,70,Yes,Low,Middle-Aged,False
24,Female,Finance,Senior Executive,10.5,42578.0,1,26,No,Low,Young,False
32,Male,Finance,Team Lead,19.9,61443.0,4,63,Yes,Low,Middle-Aged,False
37,Female,IT,Manager,14.1,122016.0,3,19,No,High,Middle-Aged,False
33,Female,Finance,Executive,14.0,69515.0,1,41,Yes,Low,Middle-Aged,False
50,Female,Operations,Executive,19.8,123948.0,2,56,Yes,High,Senior,False
30,Female,Finance,Senior Executive,12.8,100643.0,3,62,No,High,Young,False
33,Male,Operations,Manager,0.6,103101.0,3,62,No,High,Middle-Aged,False
24,Male,Finance,Team Lead,13.7,42294.0,3,31,Yes,Low,Young,False
35,Male,HR,Team Lead,12.8,41229.0,3,7,No,Low,Middle-Aged,False
41,Male,HR,Team Lead,14.7,44588.0,2,74,No,Low,Middle-Aged,False
36,Female,HR,Senior Executive,19.5,45358.0,1,24,No,Low,Middle-Aged,False
56,Female,Marketing,Manager,14.9,86618.0,2,70,No,Low,Senior,False
25,Female,Finance,Manager,19.9,72569.0,2,19,No,Low,Young,False
29,Male,IT,Manager,15.9,100576.0,4,17,No,High,Young,True
47,Female,Finance,Senior Executive,19.6,102087.0,3,15,No,High,Senior,False
44,Female,Finance,Executive,9.0,77657.0,3,17,No,Low,Middle-Aged,False
34,Female,Finance,Executive,5.3,142442.0,4,67,No,High,Middle-Aged,True
24,Female,HR,Team Lead,11.2,81554.0,4,45,No,Low,Young,True
50,Female,HR,Team Lead,17.8,20382.0,1,58,Yes,Low,Senior,False
33,Female,IT,Manager,17.3,62669.0,5,70,No,Low,Middle-Aged,True
33,Female,Finance,Senior Executive,13.6,130664.0,3,31,Yes,High,Middle-Aged,False
36,Female,Finance,Senior Executive,8.4,95523.0,3,55,No,High,Middle-Aged,False
50,Male,HR,Team Lead,5.9,67421.0,5,59,No,Low,Senior,True
29,Female,Operations,Executive,1.0,66610.0,2,53,Yes,Low,Young,False
59,Male,Finance,Manager,8.6,80396.0,2,66,No,Low,Senior,False
27,Male,HR,Executive,10.3,105060.0,4,76,No,High,Young,True
42,Female,Finance,Executive,19.7,46525.0,5,2,Yes,Low,Middle-Aged,False
48,Male,Operations,Team Lead,11.6,92239.0,2,71,No,High,Senior,False
28,Female,Finance,Team Lead,11.8,137801.0,2,1,No,High,Young,False
38,Male,HR,Executive,9.6,35745.0,3,65,No,Low,Middle-Aged,False
26,Female,IT,Manager,0.8,118112.0,3,28,No,High,Young,False
57,Male,Marketing,Senior Executive,6.1,67605.0,4,46,No,Low,Senior,True
50,Male,Marketing,Senior Executive,13.3,108459.0,3,1,No,High,Senior,False
47,Female,Finance,Manager,14.3,72466.0,5,8,No,Low,Senior,True
21,Male,Operations,Senior Executive,19.0,86514.0,4,54,No,Low,Young,True
43,Male,HR,Executive,9.9,116449.0,5,70,No,High,Middle-Aged,True
55,Female,Marketing,Senior Executive,13.9,34749.0,1,33,Yes,Low,Senior,False
33,Male,Operations,Manager,16.0,20760.0,2,9,No,Low,Middle-Aged,False
27,Male,Operations,Team Lead,15.3,112741.0,1,62,No,High,Young,False
55,Male,IT,Manager,3.0,28198.0,2,61,No,Low,Senior,False
50,Female,Finance,Senior Executive,17.9,136366.0,5,4,Yes,High,Senior,False
59,Female,Finance,Executive,15.2,46446.0,1,43,No,Low,Senior,False
38,Male,HR,Senior Executive,13.6,109397.0,3,27,No,High,Middle-Aged,False
26,Female,Operations,Manager,3.3,33553.0,1,14,No,Low,Young,False
36,Female,Marketing,Executive,18.9,27969.0,2,11,No,Low,Middle-Aged,False
33,Male,HR,Manager,13.8,53675.0,4,50,Yes,Low,Middle-Aged,False
49,Female,HR,Team Lead,4.2,70219.0,3,1,Yes,Low,Senior,False
58,Male,HR,Manager,11.9,48370.0,3,66,No,Low,Senior,False
30,Female,Marketing,Senior Executive,3.4,80747.0,1,44,No,Low,Young,False
44,Male,HR,Team Lead,1.6,124431.0,2,11,No,High,Middle-Aged,False
42,Female,IT,Team Lead,14.4,23451.0,1,20,Yes,Low,Middle-Aged,False
25,Male,Marketing,Manager,14.9,143472.0,3,38,No,High,Young,False
48,Female,Operations,Team Lead,10.5,131036.0,3,50,No,High,Senior,False
33,Female,Marketing,Senior Executive,3.4,90790.0,5,36,No,High,Middle-Aged,True
32,Female,Finance,Team Lead,6.9,118769.0,3,11,No,High,Middle-Aged,False
27,Female,Finance,Manager,2.5,55710.0,5,36,No,Low,Young,True
54,Female,Operations,Team Lead,4.9,143335.0,1,61,Yes,High,Senior,False
42,Male,Operations,Senior Executive,1.8,27670.0,3,5,Yes,Low,Middle-Aged,False
42,Female,Finance,Executive,13.4,127373.0,4,7,Yes,High,Middle-Aged,False
51,Female,HR,Executive,15.7,110680.0,2,30,Yes,High,Senior,False
49,Male,Marketing,Senior Executive,10.6,92008.0,4,0,No,High,Senior,True
33,Female,Marketing,Executive,13.4,52059.0,3,43,Yes,Low,Middle-Aged,False
33,Female,IT,Senior Executive,3.4,97182.0,3,32,No,High,Middle-Aged,False
57,Male,HR,Senior Executive,18.2,132846.0,5,64,No,High,Senior,True
28,Male,Finance,Team Lead,12.1,93008.0,3,34,No,High,Young,False
42,Female,HR,Team Lead,2.9,143351.0,5,36,No,High,Middle-Aged,True
59,Male,HR,Manager,10.9,149428.0,4,37,No,High,Senior,True
36,Male,IT,Executive,9.4,73951.0,1,49,No,Low,Middle-Aged,False
39,Female,Operations,Executive,17.4,86491.0,1,55,No,Low,Middle-Aged,False
49,Female,IT,Senior Executive,15.1,136791.0,3,57,No,High,Senior,False
37,Female,Operations,Team Lead,2.4,76768.0,1,73,No,Low,Middle-Aged,False
26,Male,Operations,Manager,13.1,116131.0,1,16,Yes,High,Young,False
56,Female,Finance,Senior Executive,1.5,137795.0,3,49,No,High,Senior,False
34,Male,Operations,Executive,10.2,46320.0,4,34,No,Low,Middle-Aged,True
53,Male,Marketing,Executive,16.8,116013.0,2,44,No,High,Senior,False
44,Male,HR,Senior Executive,4.2,133396.0,5,39,No,High,Middle-Aged,True
52,Male,Marketing,Manager,13.1,86499.0,1,57,Yes,Low,Senior,False
54,Female,Operations,Manager,8.4,26970.0,4,32,No,Low,Senior,True
48,Male,IT,Executive,2.7,110854.0,2,32,No,High,Senior,False
35,Female,IT,Team Lead,17.8,91027.0,2,32,No,High,Middle-Aged,False
53,Female,IT,Team Lead,14.5,61156.0,5,35,No,Low,Senior,True
55,Male,HR,Executive,5.7,82006.0,1,45,No,Low,Senior,False
52,Female,Operations,Manager,4.4,104700.0,5,21,No,High,Senior,True
59,Male,Finance,Manager,7.5,58616.0,3,77,No,Low,Senior,False
39,Female,Finance,Team Lead,14.4,131957.0,3,21,Yes,High,Middle-Aged,False
30,Female,IT,Team Lead,18.4,77157.0,3,0,Yes,Low,Young,False
30,Male,Marketing,Team Lead,10.5,106249.0,4,18,Yes,High,Young,False
34,Female,IT,Senior Executive,0.6,130425.0,4,59,Yes,High,Middle-Aged,False
42,Female,Marketing,Executive,0.8,23765.0,5,23,No,Low,Middle-Aged,True
22,Male,HR,Team Lead,5.3,58827.0,1,58,No,Low,Young,False
52,Male,Finance,Team Lead,15.8,42279.0,5,66,Yes,Low,Senior,False
35,Female,HR,Team Lead,3.8,25990.0,2,67,Yes,Low,Middle-Aged,False
37,Male,Marketing,Senior Executive,11.7,83418.0,3,32,No,Low,Middle-Aged,False
46,Female,IT,Manager,1.1,56714.0,4,73,No,Low,Senior,True
54,Male,Operations,Manager,6.8,92300.0,3,43,No,High,Senior,False
42,Male,Operations,Manager,13.4,81624.0,2,56,No,Low,Middle-Aged,False
40,Male,Finance,Team Lead,13.8,133215.0,4,29,No,High,Middle-Aged,True
39,Female,Operations,Team Lead,0.8,21073.0,1,30,No,Low,Middle-Aged,False
21,Male,HR,Senior Executive,3.9,125639.0,2,72,Yes,High,Young,False
34,Female,Operations,Manager,5.0,58619.0,1,78,No,Low,Middle-Aged,False
31,Male,IT,Senior Executive,5.5,26991.0,1,78,No,Low,Middle-Aged,False
48,Female,Operations,Executive,7.5,22589.0,1,10,No,Low,Senior,False
49,Male,Finance,Senior Executive,15.8,61834.0,4,41,No,Low,Senior,True
29,Female,HR,Manager,2.5,29768.0,3,74,No,Low,Young,False
54,Male,IT,Team Lead,5.0,42828.0,4,35,No,Low,Senior,True
57,Male,Operations,Team Lead,10.0,115406.0,5,76,No,High,Senior,True
46,Male,HR,Team Lead,15.7,104513.0,5,47,No,High,Senior,True
49,Female,Finance,Team Lead,15.5,111160.0,1,27,No,High,Senior,False
28,Male,Marketing,Executive,2.6,95314.0,1,47,Yes,High,Young,False
36,Male,Marketing,Manager,10.9,147124.0,2,38,No,High,Middle-Aged,False
21,Male,Finance,Senior Executive,13.2,140405.0,1,62,No,High,Young,False
39,Female,Finance,Team Lead,9.0,146681.0,2,1,Yes,High,Middle-Aged,False
21,Male,Marketing,Executive,17.1,43640.0,1,24,No,Low,Young,False
30,Female,IT,Team Lead,2.6,137823.0,5,65,No,High,Young,True
55,Male,IT,Executive,11.4,127100.0,4,74,No,High,Senior,True
26,Female,HR,Manager,14.5,26264.0,5,7,Yes,Low,Young,False
42,Female,HR,Executive,19.6,148765.0,2,71,No,High,Middle-Aged,False
37,Male,HR,Executive,0.7,39623.0,1,8,Yes,Low,Middle-Aged,False
32,Female,IT,Executive,14.6,56608.0,1,13,No,Low,Middle-Aged,False
53,Male,IT,Senior Executive,7.1,110495.0,3,56,No,High,Senior,False
57,Male,Marketing,Team Lead,15.0,31340.0,1,1,No,Low,Senior,False
26,Female,Marketing,Senior Executive,10.8,142160.0,1,12,No,High,Young,False
49,Male,IT,Senior Executive,15.7,139536.0,1,3,No,High,Senior,False
50,Male,Operations,Manager,3.7,145171.0,4,62,No,High,Senior,True
52,Female,HR,Manager,18.3,136029.0,4,63,No,High,Senior,True
28,Female,Operations,Executive,8.1,71571.0,1,50,Yes,Low,Young,False
49,Female,IT,Senior Executive,16.2,109345.0,4,7,No,High,Senior,True
35,Female,IT,Manager,6.2,36608.0,1,34,Yes,Low,Middle-Aged,False
34,Male,HR,Executive,3.1,139142.0,2,42,No,High,Middle-Aged,False
40,Male,Operations,Team Lead,7.2,97845.0,5,1,Yes,High,Middle-Aged,False
34,Male,Finance,Executive,13.7,91352.0,3,76,No,High,Middle-Aged,False
45,Female,Operations,Senior Executive,18.4,64042.0,5,28,No,Low,Middle-Aged,True
24,Female,Marketing,Senior Executive,10.2,141885.0,2,66,No,High,Young,False
28,Male,Operations,Senior Executive,7.0,117964.0,2,10,No,High,Young,False
53,Female,HR,Manager,18.7,102450.0,3,51,Yes,High,Senior,False
54,Male,HR,Executive,14.9,72321.0,4,51,No,Low,Senior,True
32,Female,Finance,Manager,9.3,71016.0,1,18,No,Low,Middle-Aged,False
48,Female,Marketing,Manager,13.2,93215.0,4,22,Yes,High,Senior,False
25,Female,Finance,Senior Executive,5.5,108206.0,1,70,No,High,Young,False
59,Female,IT,Executive,10.2,80353.0,1,21,No,Low,Senior,False
52,Female,IT,Executive,8.3,141235.0,3,11,No,High,Senior,False
51,Male,IT,Executive,5.3,54073.0,4,55,No,Low,Senior,True
35,Female,HR,Senior Executive,2.2,102956.0,2,74,No,High,Middle-Aged,False
33,Male,IT,Executive,5.0,95532.0,2,76,No,High,Middle-Aged,False
37,Female,Finance,Senior Executive,16.1,23102.0,3,25,Yes,Low,Middle-Aged,False
47,Female,Finance,Manager,15.3,87976.0,4,55,No,High,Senior,True
53,Male,Marketing,Senior Executive,9.0,46803.0,5,22,No,Low,Senior,True
54,Male,HR,Team Lead,17.7,53540.0,5,41,No,Low,Senior,True
29,Male,HR,Manager,3.6,88086.0,2,59,No,High,Young,False
51,Female,Operations,Executive,14.8,89863.0,3,56,Yes,High,Senior,False
54,Male,IT,Manager,15.4,41838.0,5,55,Yes,Low,Senior,False
36,Male,Operations,Executive,1.8,137520.0,4,58,Yes,High,Middle-Aged,False
43,Male,HR,Manager,17.4,56511.0,2,53,No,Low,Middle-Aged,False
55,Male,Finance,Manager,15.6,52532.0,5,10,No,Low,Senior,True
33,Male,Finance,Manager,9.6,31566.0,4,45,No,Low,Middle-Aged,True
25,Male,Marketing,Executive,10.1,108824.0,5,41,No,High,Young,True
41,Female,HR,Senior Executive,11.9,26584.0,5,28,No,Low,Middle-Aged,True
39,Female,Finance,Senior Executive,9.8,28270.0,2,68,No,Low,Middle-Aged,False
42,Female,Marketing,Senior Executive,1.6,26449.0,2,37,No,Low,Middle-Aged,False
43,Male,IT,Executive,8.9,116093.0,3,7,No,High,Middle-Aged,False
39,Male,Operations,Executive,17.4,125087.0,4,0,No,High,Middle-Aged,True
26,Male,IT,Manager,10.9,65854.0,5,42,No,Low,Young,True
26,Female,Operations,Manager,5.3,63135.0,4,50,No,Low,Young,True
26,Female,Finance,Team Lead,18.2,102289.0,5,19,No,High,Young,True
27,Female,Marketing,Team Lead,8.8,45265.0,2,67,No,Low,Young,False
52,Male,IT,Executive,4.1,82929.0,2,45,No,Low,Senior,False
50,Female,IT,Executive,12.1,126528.0,1,47,No,High,Senior,False
37,Male,Finance,Manager,3.9,47225.0,1,39,No,Low,Middle-Aged,False
25,Male,Marketing,Senior Executive,12.7,139740.0,5,3,No,High,Young,True
59,Female,Operations,Senior Executive,13.7,49355.0,3,6,No,Low,Senior,False
34,Male,Marketing,Team Lead,4.3,94984.0,4,27,No,High,Middle-Aged,True
23,Female,HR,Manager,6.6,82693.0,1,50,No,Low,Young,False
33,Female,IT,Manager,12.0,76478.0,2,69,No,Low,Middle-Aged,False
45,Female,Finance,Senior Executive,4.8,21713.0,4,34,Yes,Low,Middle-Aged,False
48,Female,Finance,Manager,16.5,63226.0,3,11,Yes,Low,Senior,False
37,Male,Finance,Senior Executive,14.8,77671.0,1,78,Yes,Low,Middle-Aged,False
26,Female,HR,Manager,3.9,42696.0,2,48,Yes,Low,Young,False
50,Female,Marketing,Executive,12.0,32529.0,1,39,No,Low,Senior,False
30,Male,IT,Manager,11.7,124683.0,1,31,Yes,High,Young,False
35,Female,IT,Manager,7.8,147114.0,4,42,No,High,Middle-Aged,True
27,Male,HR,Team Lead,13.3,90703.0,2,68,Yes,High,Young,False
23,Female,HR,Manager,8.9,41727.0,3,41,Yes,Low,Young,False
58,Female,Finance,Manager,9.2,69266.0,4,29,Yes,Low,Senior,False
43,Male,Marketing,Manager,8.2,55145.0,5,57,No,Low,Middle-Aged,True
30,Female,HR,Manager,11.7,120685.0,3,55,No,High,Young,False
56,Female,Marketing,Team Lead,0.5,31714.0,2,36,No,Low,Senior,False
36,Female,IT,Manager,12.2,79890.0,1,56,No,Low,Middle-Aged,False
41,Female,IT,Senior Executive,2.8,71003.0,2,60,No,Low,Middle-Aged,False
53,Male,IT,Manager,4.9,112748.0,2,38,No,High,Senior,False
56,Female,Operations,Manager,16.4,42229.0,2,50,No,Low,Senior,False
42,Female,Finance,Senior Executive,4.9,40498.0,3,71,Yes,Low,Middle-Aged,False
27,Female,HR,Executive,12.6,75712.0,1,31,No,Low,Young,False
41,Female,Finance,Executive,5.4,51372.0,1,45,Yes,Low,Middle-Aged,False
21,Female,HR,Team Lead,19.9,103004.0,2,46,No,High,Young,False
41,Male,Operations,Manager,19.6,57321.0,5,32,No,Low,Middle-Aged,True
54,Female,Operations,Executive,7.0,124762.0,5,59,No,High,Senior,True
42,Male,Operations,Manager,18.3,117713.0,3,79,No,High,Middle-Aged,False
23,Female,Marketing,Executive,18.3,49180.0,5,29,No,Low,Young,True
32,Male,Operations,Senior Executive,4.5,65257.0,5,29,No,Low,Middle-Aged,True
32,Female,HR,Executive,7.8,149357.0,1,75,No,High,Middle-Aged,False
57,Male,Operations,Manager,4.2,104885.0,2,11,No,High,Senior,False
29,Female,Marketing,Senior Executive,5.0,118265.0,5,9,No,High,Young,True
28,Male,Marketing,Executive,10.8,22060.0,1,39,Yes,Low,Young,False
28,Male,Operations,Manager,10.3,124619.0,3,55,No,High,Young,False
42,Male,Finance,Team Lead,9.3,31206.0,3,69,No,Low,Middle-Aged,False
40,Male,Finance,Senior Executive,4.4,136581.0,3,8,No,High,Middle-Aged,False
43,Female,Operations,Team Lead,10.9,41910.0,5,28,Yes,Low,Middle-Aged,False
56,Male,HR,Manager,19.0,128703.0,2,75,No,High,Senior,False
38,Female,IT,Manager,7.5,92335.0,1,23,No,High,Middle-Aged,False
54,Male,Operations,Manager,13.9,84283.0,5,56,No,Low,Senior,True
29,Male,Finance,Manager,5.0,122485.0,1,18,Yes,High,Young,False
36,Male,IT,Executive,15.2,112121.0,1,3,Yes,High,Middle-Aged,False
31,Male,Finance,Manager,11.7,148491.0,2,65,No,High,Middle-Aged,False
39,Male,Finance,Team Lead,18.4,21558.0,5,67,No,Low,Middle-Aged,True
48,Male,Operations,Senior Executive,2.0,44220.0,2,78,Yes,Low,Senior,False
38,Male,HR,Team Lead,13.3,62160.0,5,67,No,Low,Middle-Aged,True
47,Male,Finance,Senior Executive,8.7,123191.0,4,22,Yes,High,Senior,False
21,Male,HR,Senior Executive,7.7,20504.0,3,74,No,Low,Young,False
29,Female,IT,Team Lead,7.0,88345.0,3,26,No,High,Young,False
34,Female,Marketing,Team Lead,18.1,56219.0,3,59,Yes,Low,Middle-Aged,False
45,Female,IT,Team Lead,5.4,131418.0,4,34,No,High,Middle-Aged,True
33,Female,Finance,Senior Executive,12.8,90831.0,4,6,No,High,Middle-Aged,True
55,Female,Finance,Team Lead,1.0,111065.0,5,73,No,High,Senior,True
24,Male,HR,Executive,19.3,56869.0,5,55,No,Low,Young,True
53,Female,Operations,Executive,16.1,107413.0,1,47,No,High,Senior,False
47,Male,IT,Senior Executive,13.9,109628.0,4,19,Yes,High,Senior,False
38,Male,HR,Team Lead,10.6,54958.0,2,23,No,Low,Middle-Aged,False
32,Female,IT,Manager,7.5,140871.0,1,32,No,High,Middle-Aged,False
22,Female,Finance,Senior Executive,9.0,62623.0,3,37,No,Low,Young,False
58,Male,Finance,Team Lead,13.4,78810.0,1,43,No,Low,Senior,False
58,Female,Marketing,Senior Executive,10.4,30329.0,4,66,No,Low,Senior,True
30,Female,HR,Manager,17.9,123268.0,1,72,No,High,Young,False
48,Female,Operations,Manager,6.8,99299.0,5,19,No,High,Senior,True
40,Female,Marketing,Team Lead,17.3,78666.0,3,3,Yes,Low,Middle-Aged,False
41,Female,Marketing,Team Lead,6.4,119145.0,2,54,No,High,Middle-Aged,False
23,Female,Marketing,Manager,3.3,145224.0,1,42,No,High,Young,False
29,Female,Operations,Executive,3.0,47196.0,1,61,No,Low,Young,False
41,Male,Operations,Executive,5.7,132357.0,1,17,Yes,High,Middle-Aged,False
31,Male,Operations,Senior Executive,18.4,57478.0,2,26,No,Low,Middle-Aged,False
53,Female,Marketing,Executive,16.1,113224.0,1,23,No,High,Senior,False
23,Male,HR,Team Lead,14.8,56573.0,4,11,Yes,Low,Young,False
43,Female,Marketing,Senior Executive,6.5,51286.0,3,11,Yes,Low,Middle-Aged,False
24,Male,Operations,Manager,4.7,80922.0,3,42,No,Low,Young,False
49,Female,Finance,Manager,7.6,33016.0,1,49,No,Low,Senior,False
36,Female,IT,Senior Executive,13.5,148680.0,5,66,No,High,Middle-Aged,True
59,Male,Finance,Team Lead,3.7,25052.0,3,21,Yes,Low,Senior,False
30,Male,Finance,Executive,10.8,86515.0,3,72,No,Low,Young,False
57,Male,Marketing,Manager,7.7,97239.0,4,22,No,High,Senior,True
33,Male,HR,Manager,15.3,24402.0,5,36,No,Low,Middle-Aged,True
55,Female,Finance,Team Lead,13.1,109628.0,3,79,No,High,Senior,False
57,Female,IT,Executive,3.4,31616.0,5,53,No,Low,Senior,True
43,Male,Finance,Executive,6.5,54008.0,2,65,Yes,Low,Middle-Aged,False
26,Female,IT,Senior Executive,16.3,149621.0,2,18,No,High,Young,False
36,Male,IT,Executive,17.8,115455.0,2,10,No,High,Middle-Aged,False
24,Female,IT,Manager,10.5,100334.0,2,75,No,High,Young,False
58,Male,Operations,Senior Executive,16.6,135649.0,3,55,Yes,High,Senior,False
43,Female,Marketing,Executive,4.6,99089.0,5,77,No,High,Middle-Aged,True
35,Male,Operations,Team Lead,8.4,143381.0,5,45,No,High,Middle-Aged,True
57,Male,Finance,Team Lead,13.0,149228.0,3,75,No,High,Senior,False
40,Female,Finance,Senior Executive,1.0,134916.0,1,47,No,High,Middle-Aged,False
58,Male,Finance,Team Lead,10.8,124545.0,1,18,No,High,Senior,False
44,Female,IT,Manager,17.1,96582.0,5,68,Yes,High,Middle-Aged,False
26,Male,IT,Manager,4.6,111791.0,4,40,No,High,Young,True
45,Male,HR,Manager,0.7,134845.0,2,1,No,High,Middle-Aged,False
32,Female,Marketing,Manager,13.1,60985.0,2,9,No,Low,Middle-Aged,False
47,Male,IT,Manager,13.4,120244.0,2,35,No,High,Senior,False
55,Female,IT,Senior Executive,5.2,87891.0,3,14,Yes,High,Senior,False
37,Male,Finance,Team Lead,6.9,135657.0,4,62,No,High,Middle-Aged,True
40,Male,IT,Manager,7.2,34649.0,5,60,No,Low,Middle-Aged,True
55,Male,IT,Manager,2.1,107021.0,1,3,Yes,High,Senior,False
31,Male,HR,Team Lead,15.0,108858.0,4,29,No,High,Middle-Aged,True
25,Male,HR,Senior Executive,4.7,29019.0,3,4,No,Low,Young,False
24,Male,HR,Executive,15.6,73341.0,1,62,No,Low,Young,False
25,Female,Finance,Senior Executive,13.2,143844.0,2,12,No,High,Young,False
28,Female,IT,Executive,2.5,140084.0,4,51,No,High,Young,True
23,Female,Marketing,Team Lead,15.1,63758.0,4,24,No,Low,Young,True
31,Male,Marketing,Executive,3.3,107872.0,2,67,No,High,Middle-Aged,False
29,Male,Finance,Executive,13.3,145735.0,4,19,No,High,Young,True
50,Male,HR,Team Lead,2.0,30207.0,4,55,No,Low,Senior,True
25,Male,IT,Manager,11.8,24622.0,4,18,No,Low,Young,True
21,Male,Operations,Manager,9.2,66154.0,2,53,No,Low,Young,False
44,Male,HR,Executive,10.7,136852.0,1,55,No,High,Middle-Aged,False
41,Male,IT,Team Lead,15.1,91640.0,5,3,No,High,Middle-Aged,True
50,Male,HR,Manager,14.9,21947.0,2,44,No,Low,Senior,False
52,Male,HR,Manager,1.4,63419.0,1,17,No,Low,Senior,False
43,Female,Operations,Executive,3.7,47513.0,3,44,No,Low,Middle-Aged,False
51,Male,IT,Manager,19.6,136606.0,4,59,No,High,Senior,True
21,Male,Operations,Executive,9.1,82922.0,3,53,Yes,Low,Young,False
55,Male,Marketing,Team Lead,16.5,45320.0,2,36,No,Low,Senior,False
41,Female,IT,Executive,11.2,98062.0,1,41,No,High,Middle-Aged,False
36,Female,HR,Executive,15.6,131671.0,4,33,Yes,High,Middle-Aged,False
41,Female,Operations,Executive,1.9,117004.0,4,57,No,High,Middle-Aged,True
38,Male,Marketing,Team Lead,10.3,93707.0,1,45,Yes,High,Middle-Aged,False
31,Male,HR,Senior Executive,15.2,147920.0,2,14,Yes,High,Middle-Aged,False
21,Male,Finance,Executive,8.6,113703.0,1,51,No,High,Young,False
21,Male,IT,Senior Executive,14.4,59933.0,1,61,No,Low,Young,False
55,Female,Finance,Senior Executive,16.7,145621.0,5,26,No,High,Senior,True
56,Female,Marketing,Executive,16.4,134918.0,1,64,No,High,Senior,False
49,Female,Marketing,Executive,4.5,23786.0,1,58,Yes,Low,Senior,False
56,Female,HR,Manager,18.2,87335.0,5,43,Yes,High,Senior,False
42,Female,Marketing,Senior Executive,11.9,107268.0,4,14,Yes,High,Middle-Aged,False
59,Male,Finance,Senior Executive,4.1,126295.0,4,68,No,High,Senior,True
45,Female,HR,Team Lead,16.0,69287.0,4,69,Yes,Low,Middle-Aged,False
43,Female,HR,Senior Executive,5.5,72605.0,5,2,No,Low,Middle-Aged,True
44,Male,Operations,Team Lead,7.0,20724.0,5,12,No,Low,Middle-Aged,True
49,Female,HR,Manager,8.6,145842.0,2,13,No,High,Senior,False
32,Female,Operations,Executive,10.4,66255.0,2,2,No,Low,Middle-Aged,False
32,Female,Operations,Senior Executive,3.9,84889.0,4,6,No,Low,Middle-Aged,True
43,Male,HR,Executive,17.1,70773.0,2,54,No,Low,Middle-Aged,False
49,Male,Finance,Team Lead,16.5,35741.0,1,13,Yes,Low,Senior,False
57,Male,IT,Senior Executive,6.4,146858.0,2,72,Yes,High,Senior,False
23,Male,IT,Senior Executive,19.4,144864.0,5,52,No,High,Young,True
50,Male,Finance,Manager,1.6,143278.0,3,56,No,High,Senior,False
29,Male,IT,Executive,2.9,108576.0,3,37,No,High,Young,False
59,Male,Marketing,Executive,15.4,75667.0,1,5,Yes,Low,Senior,False
47,Female,IT,Executive,5.2,84244.0,5,43,No,Low,Senior,True
38,Male,Marketing,Senior Executive,4.6,71272.0,3,9,No,Low,Middle-Aged,False
37,Male,Marketing,Senior Executive,0.9,123794.0,2,50,Yes,High,Middle-Aged,False
28,Male,Marketing,Team Lead,6.9,92989.0,4,7,Yes,High,Young,False
25,Male,HR,Manager,2.0,81719.0,3,24,Yes,Low,Young,False
24,Female,IT,Manager,12.9,127324.0,4,57,Yes,High,Young,False
44,Male,Marketing,Executive,0.6,55004.0,2,74,Yes,Low,Middle-Aged,False
49,Female,Operations,Senior Executive,9.0,120757.0,2,52,No,High,Senior,False
57,Male,IT,Team Lead,17.8,138658.0,3,50,No,High,Senior,False
52,Male,Marketing,Team Lead,11.5,90940.0,4,41,No,High,Senior,True
42,Female,Finance,Team Lead,6.9,129468.0,3,60,No,High,Middle-Aged,False
21,Female,Marketing,Senior Executive,2.6,86002.0,2,17,No,Low,Young,False
49,Male,Finance,Manager,19.1,83263.0,2,40,Yes,Low,Senior,False
28,Female,HR,Team Lead,0.9,109885.0,3,59,No,High,Young,False
47,Female,Finance,Senior Executive,10.2,149938.0,2,42,No,High,Senior,False
26,Female,IT,Senior Executive,7.7,98470.0,3,74,No,High,Young,False
33,Female,HR,Executive,15.5,146215.0,4,12,No,High,Middle-Aged,True
22,Male,HR,Senior Executive,12.0,112824.0,2,18,No,High,Young,False
42,Male,IT,Senior Executive,18.8,114347.0,2,71,No,High,Middle-Aged,False
46,Male,IT,Executive,19.1,47814.0,3,5,No,Low,Senior,False
46,Male,Marketing,Team Lead,14.7,123405.0,4,57,No,High,Senior,True
42,Female,Marketing,Team Lead,9.8,137364.0,3,40,No,High,Middle-Aged,False
59,Female,Operations,Senior Executive,10.9,93043.0,3,67,No,High,Senior,False
58,Female,Finance,Team Lead,18.4,35745.0,5,77,No,Low,Senior,True
46,Male,Operations,Executive,14.9,114241.0,2,64,No,High,Senior,False
25,Female,Finance,Executive,15.1,107376.0,2,25,No,High,Young,False
50,Female,HR,Team Lead,18.8,96535.0,4,47,No,High,Senior,True
43,Female,HR,Team Lead,7.8,123254.0,5,39,No,High,Middle-Aged,True
53,Female,Marketing,Team Lead,16.7,106955.0,5,37,No,High,Senior,True
43,Female,Marketing,Senior Executive,15.2,95460.0,2,64,No,High,Middle-Aged,False
55,Male,Finance,Executive,8.0,142250.0,3,4,No,High,Senior,False
31,Female,IT,Senior Executive,15.2,26126.0,2,44,No,Low,Middle-Aged,False
34,Male,Operations,Manager,2.6,51578.0,5,28,No,Low,Middle-Aged,True
56,Female,Marketing,Manager,0.8,52041.0,2,63,No,Low,Senior,False
54,Female,Operations,Executive,17.5,79062.0,2,13,No,Low,Senior,False
59,Male,Operations,Executive,19.6,98276.0,5,76,No,High,Senior,True
37,Male,Marketing,Team Lead,8.9,67131.0,1,32,No,Low,Middle-Aged,False
25,Female,Operations,Executive,8.1,87847.0,5,31,No,High,Young,True
44,Female,IT,Senior Executive,4.9,59847.0,4,73,No,Low,Middle-Aged,True
21,Male,HR,Senior Executive,18.8,20463.0,2,15,No,Low,Young,False
39,Male,HR,Executive,5.6,89935.0,2,51,Yes,High,Middle-Aged,False
30,Male,HR,Manager,13.1,71046.0,2,45,No,Low,Young,False
27,Female,HR,Executive,16.4,66654.0,5,9,No,Low,Young,True
38,Male,IT,Executive,9.3,32595.0,2,54,No,Low,Middle-Aged,False
23,Male,Marketing,Manager,19.2,136014.0,2,3,No,High,Young,False
35,Female,Operations,Team Lead,7.6,97018.0,1,49,No,High,Middle-Aged,False
23,Male,IT,Senior Executive,15.6,46739.0,1,56,Yes,Low,Young,False
52,Male,IT,Manager,4.7,82805.0,5,55,No,Low,Senior,True
29,Female,Marketing,Team Lead,9.9,104026.0,3,44,No,High,Young,False
34,Female,Marketing,Team Lead,14.1,94536.0,2,10,No,High,Middle-Aged,False
49,Male,HR,Executive,5.4,64594.0,2,22,No,Low,Senior,False
47,Male,IT,Manager,16.7,60526.0,4,14,Yes,Low,Senior,False
39,Female,Marketing,Team Lead,18.8,21703.0,5,21,Yes,Low,Middle-Aged,False
41,Female,HR,Executive,6.1,68203.0,1,53,No,Low,Middle-Aged,False
44,Male,Finance,Senior Executive,10.1,117284.0,4,14,No,High,Middle-Aged,True
49,Female,HR,Executive,0.8,102346.0,5,16,No,High,Senior,True
49,Female,Operations,Team Lead,8.4,142592.0,1,0,No,High,Senior,False
36,Male,HR,Senior Executive,12.2,145482.0,2,25,No,High,Middle-Aged,False
54,Male,Operations,Manager,3.7,47101.0,1,70,No,Low,Senior,False
21,Female,Operations,Team Lead,19.6,46190.0,2,45,No,Low,Young,False
22,Male,IT,Team Lead,3.9,125881.0,4,1,No,High,Young,True
45,Male,Operations,Executive,10.4,117436.0,3,45,No,High,Middle-Aged,False
57,Female,Finance,Manager,0.7,40593.0,3,4,No,Low,Senior,False
43,Female,Marketing,Senior Executive,6.3,25190.0,1,72,Yes,Low,Middle-Aged,False
22,Male,Marketing,Senior Executive,16.2,31731.0,4,67,No,Low,Young,True
41,Female,Finance,Senior Executive,8.5,38817.0,4,57,No,Low,Middle-Aged,True
29,Male,Finance,Team Lead,17.2,94427.0,3,62,No,High,Young,False
44,Male,HR,Team Lead,16.5,49113.0,1,69,No,Low,Middle-Aged,False
48,Female,Finance,Manager,9.0,78795.0,4,19,Yes,Low,Senior,False
56,Male,Operations,Team Lead,3.5,62970.0,3,72,Yes,Low,Senior,False
35,Male,Finance,Senior Executive,16.3,107977.0,3,66,Yes,High,Middle-Aged,False
43,Female,IT,Senior Executive,18.5,87490.0,4,73,No,High,Middle-Aged,True
46,Female,Finance,Team Lead,5.3,113605.0,3,59,No,High,Senior,False
46,Female,Marketing,Team Lead,2.0,119753.0,3,54,No,High,Senior,False
51,Female,Finance,Team Lead,17.0,94661.0,3,4,No,High,Senior,False
33,Male,HR,Team Lead,12.4,58909.0,4,60,No,Low,Middle-Aged,True
44,Female,Finance,Executive,5.6,98290.0,1,75,No,High,Middle-Aged,False
59,Female,Operations,Executive,3.9,117797.0,3,21,Yes,High,Senior,False
45,Female,Operations,Team Lead,10.2,90306.0,2,72,Yes,High,Middle-Aged,False
43,Female,Operations,Team Lead,18.6,147944.0,2,5,No,High,Middle-Aged,False
48,Female,Finance,Senior Executive,3.8,115129.0,3,35,No,High,Senior,False
23,Male,Finance,Senior Executive,14.6,148921.0,1,42,No,High,Young,False
39,Male,IT,Executive,5.4,27602.0,4,68,Yes,Low,Middle-Aged,False
58,Male,Marketing,Manager,12.0,73977.0,5,9,Yes,Low,Senior,False
38,Female,HR,Executive,9.2,131694.0,4,49,Yes,High,Middle-Aged,False
38,Male,HR,Team Lead,11.5,148495.0,4,23,No,High,Middle-Aged,True
25,Male,Finance,Senior Executive,3.1,73987.0,2,59,No,Low,Young,False
46,Male,IT,Manager,17.3,145397.0,1,9,No,High,Senior,False
50,Female,IT,Executive,19.7,65969.0,3,20,Yes,Low,Senior,False
32,Male,IT,Manager,10.2,121702.0,5,71,No,High,Middle-Aged,True
58,Female,Finance,Executive,8.4,68034.0,3,31,No,Low,Senior,False
52,Male,HR,Manager,15.9,57035.0,2,32,No,Low,Senior,False
24,Female,IT,Team Lead,3.8,54341.0,3,7,No,Low,Young,False
51,Male,IT,Manager,1.9,36128.0,2,49,No,Low,Senior,False
34,Female,Finance,Team Lead,14.5,128271.0,5,10,No,High,Middle-Aged,True
26,Female,HR,Team Lead,11.2,108772.0,2,19,No,High,Young,False
21,Female,Marketing,Executive,12.8,57585.0,2,65,No,Low,Young,False
36,Male,Marketing,Manager,1.1,127433.0,1,71,Yes,High,Middle-Aged,False
57,Male,Operations,Executive,17.3,52464.0,3,70,No,Low,Senior,False
34,Female,HR,Executive,13.5,97084.0,4,45,No,High,Middle-Aged,True
53,Female,IT,Executive,2.7,29887.0,3,0,No,Low,Senior,False
53,Male,Finance,Manager,13.4,100862.0,2,39,No,High,Senior,False
32,Female,Operations,Senior Executive,19.6,138043.0,5,27,No,High,Middle-Aged,True
22,Male,Marketing,Manager,5.5,121746.0,4,24,No,High,Young,True
53,Female,HR,Senior Executive,18.9,27015.0,2,74,No,Low,Senior,False
27,Female,Finance,Manager,19.2,100912.0,5,63,No,High,Young,True
24,Male,IT,Manager,16.9,23887.0,1,52,No,Low,Young,False
59,Female,Finance,Senior Executive,10.0,135094.0,4,11,Yes,High,Senior,False
51,Female,IT,Senior Executive,9.2,62775.0,3,16,No,Low,Senior,False
25,Female,Operations,Senior Executive,7.6,131221.0,3,37,No,High,Young,False
48,Male,Marketing,Team Lead,15.8,26309.0,1,60,No,Low,Senior,False
51,Male,IT,Executive,3.4,105257.0,1,48,No,High,Senior,False
47,Female,Operations,Executive,10.9,94125.0,3,17,No,High,Senior,False
47,Male,Finance,Team Lead,11.2,145310.0,4,71,Yes,High,Senior,False
48,Male,Marketing,Senior Executive,18.7,38360.0,3,44,No,Low,Senior,False
46,Male,HR,Team Lead,18.2,70799.0,4,8,No,Low,Senior,True
23,Male,IT,Senior Executive,9.9,79068.0,1,51,No,Low,Young,False
42,Male,HR,Manager,12.2,136499.0,1,59,No,High,Middle-Aged,False
41,Male,Finance,Executive,14.3,59577.0,1,32,No,Low,Middle-Aged,False
31,Male,Marketing,Manager,11.1,106990.0,4,35,No,High,Middle-Aged,True
54,Female,Finance,Team Lead,6.0,136694.0,3,36,No,High,Senior,False
58,Male,Marketing,Team Lead,3.6,138376.0,1,42,No,High,Senior,False
39,Male,IT,Senior Executive,11.5,137126.0,5,64,No,High,Middle-Aged,True
38,Female,IT,Executive,9.0,113680.0,2,30,No,High,Middle-Aged,False
38,Female,Operations,Senior Executive,5.8,95773.0,5,4,Yes,High,Middle-Aged,False
55,Female,IT,Senior Executive,7.2,20497.0,2,69,No,Low,Senior,False
29,Female,HR,Senior Executive,1.3,96253.0,1,67,No,High,Young,False
34,Male,Finance,Team Lead,11.3,109754.0,1,31,No,High,Middle-Aged,False
26,Male,Marketing,Manager,2.0,60528.0,4,79,Yes,Low,Young,False
43,Male,Marketing,Executive,2.6,107487.0,2,14,No,High,Middle-Aged,False
39,Female,Operations,Senior Executive,15.6,99313.0,5,24,No,High,Middle-Aged,True
22,Female,Marketing,Manager,2.6,46612.0,1,2,No,Low,Young,False
53,Male,Marketing,Team Lead,14.1,21955.0,1,40,Yes,Low,Senior,False
28,Male,Operations,Manager,10.0,50288.0,1,70,No,Low,Young,False
25,Female,IT,Team Lead,5.2,108423.0,1,13,No,High,Young,False
50,Female,IT,Manager,11.6,79293.0,1,72,No,Low,Senior,False
33,Female,HR,Executive,10.7,140562.0,4,18,No,High,Middle-Aged,True
57,Male,Operations,Team Lead,18.3,62002.0,2,76,No,Low,Senior,False
21,Male,IT,Executive,19.3,129611.0,1,14,Yes,High,Young,False
58,Male,Finance,Senior Executive,9.6,101693.0,1,13,Yes,High,Senior,False
23,Male,Operations,Executive,7.6,84744.0,4,46,No,Low,Young,True
42,Female,Finance,Manager,11.9,22355.0,3,30,No,Low,Middle-Aged,False
43,Female,Finance,Team Lead,2.7,111464.0,5,43,Yes,High,Middle-Aged,False
30,Female,IT,Manager,10.8,46133.0,1,32,No,Low,Young,False
51,Male,Operations,Executive,2.5,149526.0,1,13,Yes,High,Senior,False
43,Female,Finance,Team Lead,5.9,63196.0,5,55,Yes,Low,Middle-Aged,False
44,Female,Finance,Senior Executive,15.3,85807.0,5,78,No,Low,Middle-Aged,True
31,Male,Finance,Executive,15.5,42784.0,5,52,No,Low,Middle-Aged,True
29,Male,Operations,Team Lead,9.8,21488.0,1,47,No,Low,Young,False
32,Male,Finance,Executive,19.3,94362.0,1,53,No,High,Middle-Aged,False
24,Male,Finance,Team Lead,3.5,149711.0,5,32,No,High,Young,True
28,Male,Finance,Team Lead,6.6,133789.0,2,36,No,High,Young,False
37,Male,Finance,Executive,12.1,95462.0,4,0,No,High,Middle-Aged,True
27,Male,IT,Team Lead,9.2,142899.0,4,6,No,High,Young,True
28,Male,Finance,Senior Executive,13.1,127247.0,3,74,No,High,Young,False
34,Female,Operations,Senior Executive,2.2,86751.0,2,20,No,Low,Middle-Aged,False
37,Female,IT,Team Lead,14.5,117445.0,2,16,Yes,High,Middle-Aged,False
23,Female,Marketing,Senior Executive,3.7,72625.0,1,8,No,Low,Young,False
25,Female,Finance,Senior Executive,5.8,114212.0,1,51,Yes,High,Young,False
23,Female,Operations,Executive,4.0,147919.0,2,18,No,High,Young,False
50,Male,Marketing,Senior Executive,14.5,44001.0,4,72,No,Low,Senior,True
58,Female,IT,Manager,1.3,118174.0,4,34,No,High,Senior,True
34,Female,Marketing,Manager,19.6,60732.0,4,19,No,Low,Middle-Aged,True
45,Female,Finance,Team Lead,7.8,126814.0,2,68,No,High,Middle-Aged,False
21,Male,Marketing,Manager,5.0,75696.0,3,53,No,Low,Young,False
42,Male,IT,Executive,6.9,113743.0,5,3,No,High,Middle-Aged,True
56,Female,Operations,Team Lead,10.2,94554.0,2,39,No,High,Senior,False
47,Male,Marketing,Senior Executive,5.0,128329.0,4,18,No,High,Senior,True
50,Male,Operations,Team Lead,15.4,73941.0,4,77,No,Low,Senior,True
36,Male,IT,Manager,15.2,92987.0,5,11,Yes,High,Middle-Aged,False
25,Female,Operations,Team Lead,12.8,68538.0,4,19,No,Low,Young,True
42,Male,IT,Executive,18.2,107754.0,4,59,No,High,Middle-Aged,True
48,Female,Finance,Manager,14.6,23523.0,2,53,No,Low,Senior,False
31,Female,Operations,Executive,3.6,81812.0,5,45,No,Low,Middle-Aged,True
48,Female,Operations,Senior Executive,5.7,122428.0,5,29,No,High,Senior,True
21,Female,HR,Senior Executive,9.8,30957.0,1,8,Yes,Low,Young,False
42,Male,Operations,Team Lead,6.5,101178.0,5,30,No,High,Middle-Aged,True
46,Male,Operations,Senior Executive,8.2,73864.0,4,69,No,Low,Senior,True
24,Female,Marketing,Senior Executive,9.8,57253.0,1,10,Yes,Low,Young,False
26,Male,IT,Executive,15.8,110315.0,5,37,No,High,Young,True
21,Male,Marketing,Manager,11.1,53998.0,5,39,No,Low,Young,True
38,Male,Finance,Senior Executive,16.8,119452.0,1,37,No,High,Middle-Aged,False
31,Male,IT,Team Lead,12.4,72408.0,4,73,Yes,Low,Middle-Aged,False
44,Female,Marketing,Senior Executive,0.6,61387.0,5,57,No,Low,Middle-Aged,True
23,Male,Operations,Executive,19.8,53191.0,3,4,No,Low,Young,False
40,Female,Marketing,Senior Executive,3.4,138546.0,1,46,Yes,High,Middle-Aged,False
43,Male,Marketing,Manager,8.2,90772.0,3,59,Yes,High,Middle-Aged,False
33,Female,Marketing,Team Lead,0.9,38724.0,4,1,No,Low,Middle-Aged,True
45,Male,Marketing,Team Lead,10.7,147122.0,3,47,No,High,Middle-Aged,False
23,Female,IT,Executive,13.7,58800.0,2,37,No,Low,Young,False
28,Female,HR,Executive,6.1,90882.0,3,18,No,High,Young,False
49,Male,IT,Senior Executive,18.6,39486.0,4,28,Yes,Low,Senior,False
58,Male,Finance,Executive,3.4,91543.0,3,33,Yes,High,Senior,False
28,Male,Operations,Team Lead,19.0,28430.0,4,29,No,Low,Young,True
56,Female,HR,Senior Executive,15.8,148529.0,1,78,No,High,Senior,False
53,Female,Marketing,Team Lead,3.5,90550.0,5,15,No,High,Senior,True
46,Female,HR,Senior Executive,2.5,127409.0,4,32,Yes,High,Senior,False
41,Male,HR,Team Lead,1.8,107114.0,5,73,Yes,High,Middle-Aged,False
26,Male,Finance,Executive,11.8,102780.0,1,42,Yes,High,Young,False
56,Female,HR,Senior Executive,5.4,123888.0,1,3,Yes,High,Senior,False
36,Male,IT,Senior Executive,19.4,74189.0,3,27,No,Low,Middle-Aged,False
25,Male,Marketing,Team Lead,2.7,104536.0,3,12,Yes,High,Young,False
48,Female,Operations,Senior Executive,16.3,135443.0,2,68,No,High,Senior,False
29,Male,HR,Executive,7.8,136846.0,4,69,No,High,Young,True
22,Male,Operations,Team Lead,0.8,75038.0,2,7,No,Low,Young,False
41,Female,HR,Executive,14.9,143305.0,2,76,No,High,Middle-Aged,False
23,Male,HR,Manager,12.0,85828.0,5,61,No,Low,Young,True
34,Female,Operations,Executive,5.0,123136.0,2,78,No,High,Middle-Aged,False
29,Female,IT,Team Lead,7.4,94302.0,5,46,No,High,Young,True
42,Female,Operations,Team Lead,3.4,139131.0,1,31,No,High,Middle-Aged,False
32,Male,HR,Manager,3.1,68159.0,1,52,Yes,Low,Middle-Aged,False
21,Male,Marketing,Senior Executive,11.6,96826.0,5,30,No,High,Young,True
31,Female,Finance,Team Lead,11.0,28927.0,3,58,No,Low,Middle-Aged,False
54,Male,Marketing,Senior Executive,4.5,79662.0,2,18,No,Low,Senior,False
48,Female,Operations,Executive,6.3,49332.0,5,44,Yes,Low,Senior,False
52,Male,Operations,Executive,19.9,123831.0,5,70,Yes,High,Senior,False
32,Female,IT,Team Lead,7.4,137326.0,4,53,No,High,Middle-Aged,True
52,Male,IT,Senior Executive,10.0,139827.0,4,39,No,High,Senior,True
57,Male,Marketing,Executive,3.6,100557.0,2,30,No,High,Senior,False
54,Female,Marketing,Manager,1.0,147721.0,4,39,No,High,Senior,True
30,Male,Marketing,Manager,12.4,75770.0,4,53,No,Low,Young,True
50,Male,HR,Manager,5.2,68155.0,1,63,No,Low,Senior,False
35,Female,Marketing,Team Lead,15.0,88186.0,4,13,No,High,Middle-Aged,True
23,Female,IT,Executive,5.0,110300.0,2,34,No,High,Young,False
30,Female,HR,Manager,7.7,101897.0,4,57,No,High,Young,True
32,Male,IT,Senior Executive,13.1,32076.0,4,39,No,Low,Middle-Aged,True
22,Female,Operations,Executive,14.0,138007.0,3,0,Yes,High,Young,False
55,Female,IT,Team Lead,7.2,41265.0,3,40,No,Low,Senior,False
38,Female,Finance,Executive,14.7,42716.0,2,65,No,Low,Middle-Aged,False
26,Female,HR,Manager,11.5,24632.0,2,62,No,Low,Young,False
59,Male,HR,Team Lead,16.4,86587.0,4,66,No,Low,Senior,True
52,Male,Marketing,Team Lead,15.3,77327.0,3,48,No,Low,Senior,False
35,Male,IT,Team Lead,16.5,126079.0,1,77,No,High,Middle-Aged,False
38,Female,HR,Executive,5.7,63521.0,1,37,Yes,Low,Middle-Aged,False
43,Female,HR,Senior Executive,2.1,125276.0,1,76,No,High,Middle-Aged,False
37,Male,HR,Senior Executive,0.6,76062.0,1,19,No,Low,Middle-Aged,False
26,Male,Operations,Team Lead,6.9,24029.0,1,70,No,Low,Young,False
41,Male,HR,Team Lead,8.6,128295.0,5,42,Yes,High,Middle-Aged,False
23,Female,HR,Manager,5.7,124384.0,3,4,Yes,High,Young,False
43,Female,IT,Team Lead,3.6,128943.0,2,34,No,High,Middle-Aged,False
25,Male,Operations,Manager,8.8,57056.0,2,20,No,Low,Young,False
54,Male,IT,Manager,6.5,25484.0,4,57,No,Low,Senior,True
53,Female,Marketing,Team Lead,1.1,73563.0,4,51,Yes,Low,Senior,False
45,Female,Finance,Manager,16.8,78626.0,1,43,No,Low,Middle-Aged,False
31,Female,IT,Executive,10.6,33743.0,5,28,No,Low,Middle-Aged,True
37,Female,IT,Senior Executive,3.9,102256.0,2,3,No,High,Middle-Aged,False
53,Male,Finance,Senior Executive,6.9,106830.0,2,21,No,High,Senior,False
40,Male,IT,Team Lead,11.7,62039.0,2,47,Yes,Low,Middle-Aged,False
39,Female,IT,Executive,2.4,62809.0,5,9,Yes,Low,Middle-Aged,False
39,Female,HR,Manager,10.6,136884.0,2,72,No,High,Middle-Aged,False
21,Female,HR,Senior Executive,14.9,29685.0,1,47,No,Low,Young,False
33,Male,Marketing,Senior Executive,3.7,123259.0,1,61,Yes,High,Middle-Aged,False
42,Male,Marketing,Senior Executive,10.4,87252.0,5,9,No,High,Middle-Aged,True
37,Male,IT,Manager,18.0,80766.0,3,13,No,Low,Middle-Aged,False
48,Male,Operations,Executive,14.2,57704.0,2,70,No,Low,Senior,False
39,Female,HR,Team Lead,9.2,124779.0,5,24,No,High,Middle-Aged,True
36,Female,Marketing,Team Lead,1.0,23157.0,1,75,Yes,Low,Middle-Aged,False
49,Female,Finance,Team Lead,18.7,99669.0,2,75,No,High,Senior,False
40,Male,HR,Manager,19.6,53042.0,1,56,No,Low,Middle-Aged,False
31,Female,IT,Executive,15.8,107033.0,1,41,No,High,Middle-Aged,False
46,Female,Finance,Executive,5.0,76127.0,5,79,Yes,Low,Senior,False
21,Female,HR,Manager,11.9,66437.0,3,53,No,Low,Young,False
45,Female,Marketing,Manager,16.2,26986.0,3,39,No,Low,Middle-Aged,False
53,Female,IT,Executive,10.9,109160.0,4,20,No,High,Senior,True
35,Male,Operations,Executive,19.4,72659.0,2,74,No,Low,Middle-Aged,False
58,Male,Finance,Team Lead,12.1,66430.0,4,21,Yes,Low,Senior,False
35,Male,Marketing,Executive,0.6,59761.0,3,40,No,Low,Middle-Aged,False
48,Male,IT,Team Lead,6.3,20271.0,5,66,No,Low,Senior,True
23,Male,Marketing,Team Lead,19.9,137555.0,1,32,Yes,High,Young,False
38,Female,Finance,Team Lead,19.6,66695.0,4,19,No,Low,Middle-Aged,True
22,Male,Operations,Team Lead,18.5,30259.0,1,33,Yes,Low,Young,False
23,Male,Finance,Team Lead,4.5,104450.0,3,52,No,High,Young,False
51,Female,Finance,Senior Executive,5.5,71758.0,5,26,No,Low,Senior,True
30,Female,IT,Senior Executive,12.3,120344.0,5,68,No,High,Young,True
44,Female,HR,Manager,1.2,72918.0,3,72,Yes,Low,Middle-Aged,False
25,Male,Finance,Executive,17.9,126541.0,2,25,No,High,Young,False
57,Female,HR,Manager,10.1,72193.0,3,37,No,Low,Senior,False
51,Female,IT,Team Lead,14.8,33674.0,1,79,No,Low,Senior,False
37,Female,Operations,Senior Executive,12.5,129220.0,5,77,No,High,Middle-Aged,True
26,Female,Operations,Senior Executive,7.5,80438.0,2,48,No,Low,Young,False
22,Male,IT,Executive,18.1,37793.0,3,53,No,Low,Young,False
47,Female,Marketing,Executive,5.3,90403.0,5,25,No,High,Senior,True
53,Male,Operations,Manager,10.5,88890.0,4,0,No,High,Senior,True
34,Male,Operations,Team Lead,8.7,149215.0,4,63,No,High,Middle-Aged,True
32,Male,Marketing,Executive,14.5,61089.0,1,72,No,Low,Middle-Aged,False
32,Female,Operations,Executive,14.3,110852.0,4,17,Yes,High,Middle-Aged,False
54,Female,IT,Senior Executive,9.3,38296.0,4,5,No,Low,Senior,True
58,Male,IT,Manager,6.9,29381.0,1,59,Yes,Low,Senior,False
45,Female,Marketing,Manager,4.6,78970.0,3,14,Yes,Low,Middle-Aged,False
47,Male,HR,Manager,1.4,148081.0,3,53,No,High,Senior,False
41,Female,Marketing,Team Lead,9.1,141381.0,2,67,No,High,Middle-Aged,False
53,Male,IT,Manager,0.6,110584.0,2,38,No,High,Senior,False
59,Male,Operations,Senior Executive,7.4,128031.0,2,62,Yes,High,Senior,False
49,Female,Marketing,Manager,19.4,134239.0,2,36,Yes,High,Senior,False
39,Female,Finance,Team Lead,13.2,126414.0,5,72,Yes,High,Middle-Aged,False
22,Male,HR,Senior Executive,8.6,80144.0,1,15,No,Low,Young,False
31,Female,HR,Team Lead,18.9,95429.0,2,71,No,High,Middle-Aged,False
31,Female,Operations,Senior Executive,19.9,25086.0,2,62,Yes,Low,Middle-Aged,False
23,Female,Operations,Senior Executive,15.6,32102.0,2,54,Yes,Low,Young,False
52,Male,Marketing,Manager,6.4,49274.0,4,45,No,Low,Senior,True
52,Male,Operations,Manager,17.8,25011.0,5,23,Yes,Low,Senior,False
36,Male,IT,Manager,15.9,86415.0,3,29,No,Low,Middle-Aged,False
27,Female,Operations,Senior Executive,13.2,50043.0,5,6,No,Low,Young,True
41,Male,HR,Manager,9.6,71981.0,2,37,No,Low,Middle-Aged,False
43,Female,Operations,Team Lead,5.8,32235.0,5,19,Yes,Low,Middle-Aged,False
29,Female,Operations,Senior Executive,6.3,88859.0,3,79,No,High,Young,False
38,Male,Marketing,Team Lead,10.6,50427.0,1,35,No,Low,Middle-Aged,False
52,Female,HR,Executive,10.3,67936.0,2,12,No,Low,Senior,False
28,Female,Marketing,Senior Executive,9.3,125198.0,4,19,No,High,Young,True
30,Male,IT,Team Lead,16.0,95046.0,1,59,No,High,Young,False
48,Male,HR,Team Lead,5.4,91754.0,1,75,No,High,Senior,False
58,Male,Finance,Executive,2.9,43270.0,4,60,Yes,Low,Senior,False
52,Female,IT,Manager,3.8,36367.0,1,42,No,Low,Senior,False
29,Male,IT,Manager,12.6,130637.0,5,70,No,High,Young,True
59,Male,Marketing,Senior Executive,1.1,75875.0,4,64,No,Low,Senior,True
21,Male,HR,Manager,6.6,115184.0,5,39,No,High,Young,True
52,Male,Marketing,Senior Executive,3.8,26344.0,3,49,Yes,Low,Senior,False
44,Male,Finance,Team Lead,1.0,80072.0,3,42,No,Low,Middle-Aged,False
53,Male,IT,Manager,18.9,100109.0,2,52,No,High,Senior,False
28,Female,HR,Senior Executive,7.6,31686.0,4,63,No,Low,Young,True
21,Female,IT,Manager,18.1,112884.0,3,26,No,High,Young,False
51,Male,Marketing,Manager,9.9,146399.0,3,72,No,High,Senior,False
48,Male,Finance,Executive,19.4,103230.0,5,40,No,High,Senior,True
56,Female,Operations,Manager,3.2,149420.0,3,8,No,High,Senior,False
41,Female,Marketing,Senior Executive,7.7,79499.0,1,41,No,Low,Middle-Aged,False
21,Female,Finance,Team Lead,5.3,26908.0,3,38,No,Low,Young,False
23,Male,Marketing,Executive,15.1,87126.0,4,10,No,Low,Young,True
27,Female,Operations,Manager,5.2,130245.0,2,72,Yes,High,Young,False
55,Female,Operations,Manager,11.4,113808.0,1,25,No,High,Senior,False
34,Female,Operations,Senior Executive,4.2,93681.0,3,51,No,High,Middle-Aged,False
49,Male,IT,Executive,1.8,138754.0,4,22,Yes,High,Senior,False
25,Female,Finance,Manager,17.8,91119.0,1,74,No,High,Young,False
41,Male,Marketing,Manager,15.5,69622.0,2,27,No,Low,Middle-Aged,False
38,Female,Finance,Senior Executive,16.0,103107.0,5,62,No,High,Middle-Aged,True
43,Female,Marketing,Manager,19.9,84851.0,3,24,No,Low,Middle-Aged,False
39,Male,IT,Senior Executive,17.1,111679.0,5,38,Yes,High,Middle-Aged,False
52,Male,HR,Senior Executive,1.9,70414.0,3,1,No,Low,Senior,False
44,Female,Operations,Executive,6.0,38073.0,5,10,No,Low,Middle-Aged,True
35,Male,HR,Executive,8.6,105474.0,5,20,Yes,High,Middle-Aged,False
37,Female,Finance,Senior Executive,19.0,64654.0,5,65,Yes,Low,Middle-Aged,False
38,Female,Marketing,Executive,0.9,66128.0,5,78,Yes,Low,Middle-Aged,False
28,Male,Marketing,Manager,14.9,57105.0,5,39,No,Low,Young,True
28,Female,Finance,Manager,1.8,22607.0,5,73,No,Low,Young,True
56,Male,IT,Executive,3.9,57436.0,2,79,Yes,Low,Senior,False
21,Female,Operations,Senior Executive,5.3,79790.0,3,17,No,Low,Young,False
42,Male,Finance,Team Lead,9.2,122992.0,3,9,No,High,Middle-Aged,False
50,Male,IT,Executive,18.1,21641.0,1,27,No,Low,Senior,False
51,Female,Finance,Executive,17.2,102313.0,1,33,No,High,Senior,False
30,Female,Operations,Executive,6.7,37501.0,1,55,No,Low,Young,False
30,Male,Marketing,Executive,19.7,81462.0,2,55,No,Low,Young,False
22,Male,Marketing,Executive,1.7,24754.0,1,29,No,Low,Young,False
41,Female,Operations,Team Lead,1.6,20617.0,5,14,No,Low,Middle-Aged,True
37,Male,Marketing,Senior Executive,9.9,109168.0,5,65,No,High,Middle-Aged,True
36,Female,IT,Team Lead,7.1,136647.0,4,43,No,High,Middle-Aged,True
47,Male,IT,Senior Executive,17.5,139730.0,5,44,No,High,Senior,True
56,Female,HR,Executive,1.0,103869.0,4,51,No,High,Senior,True
23,Male,IT,Senior Executive,17.7,124329.0,3,16,No,High,Young,False
40,Female,Operations,Team Lead,6.0,82427.0,4,4,Yes,Low,Middle-Aged,False
26,Male,HR,Senior Executive,15.9,98747.0,5,23,No,High,Young,True
34,Female,Marketing,Manager,0.8,42504.0,4,72,No,Low,Middle-Aged,True
23,Male,HR,Manager,18.3,42248.0,5,6,Yes,Low,Young,False
53,Female,Finance,Executive,16.6,121996.0,2,11,No,High,Senior,False
59,Male,Finance,Team Lead,11.9,71455.0,3,27,Yes,Low,Senior,False
52,Male,Marketing,Team Lead,16.7,118530.0,1,72,No,High,Senior,False
32,Male,IT,Manager,16.1,53401.0,2,28,No,Low,Middle-Aged,False
43,Male,HR,Manager,17.2,137205.0,4,30,No,High,Middle-Aged,True
21,Female,Marketing,Manager,13.8,21838.0,4,25,Yes,Low,Young,False
42,Female,Operations,Manager,19.4,137746.0,4,19,No,High,Middle-Aged,True
22,Male,HR,Manager,11.8,148779.0,3,4,No,High,Young,False
35,Female,Marketing,Senior Executive,14.1,91646.0,5,76,No,High,Middle-Aged,True
39,Male,Finance,Senior Executive,9.8,22177.0,3,77,Yes,Low,Middle-Aged,False
56,Female,Finance,Manager,19.8,28054.0,4,59,No,Low,Senior,True
31,Female,HR,Senior Executive,0.9,115376.0,4,53,No,High,Middle-Aged,True
55,Female,IT,Executive,14.9,143408.0,3,25,No,High,Senior,False
27,Female,HR,Senior Executive,5.2,61723.0,5,41,No,Low,Young,True
31,Female,Finance,Team Lead,13.6,73391.0,5,17,No,Low,Middle-Aged,True
47,Female,HR,Executive,3.9,136409.0,1,7,No,High,Senior,False
35,Male,IT,Senior Executive,7.2,86888.0,5,75,No,Low,Middle-Aged,True
28,Male,HR,Executive,13.9,144187.0,4,31,No,High,Young,True
50,Male,Marketing,Team Lead,8.5,90220.0,2,6,No,High,Senior,False
51,Female,Operations,Manager,13.5,91832.0,4,36,No,High,Senior,True
45,Male,IT,Team Lead,13.1,129465.0,1,40,No,High,Middle-Aged,False
29,Male,Marketing,Executive,2.7,100304.0,5,19,No,High,Young,True
46,Female,Finance,Manager,14.0,97634.0,1,39,No,High,Senior,False
52,Female,Marketing,Senior Executive,5.9,129554.0,5,18,Yes,High,Senior,False
45,Male,IT,Team Lead,8.8,69899.0,2,21,No,Low,Middle-Aged,False
35,Male,Marketing,Senior Executive,10.5,46396.0,3,77,No,Low,Middle-Aged,False
56,Male,IT,Manager,7.9,105378.0,4,31,No,High,Senior,True
36,Male,HR,Manager,5.6,36023.0,2,24,No,Low,Middle-Aged,False
31,Female,Finance,Manager,3.7,149472.0,1,18,No,High,Middle-Aged,False
54,Female,Operations,Manager,12.7,87250.0,3,78,No,High,Senior,False
31,Male,HR,Executive,15.2,125789.0,1,74,No,High,Middle-Aged,False
48,Female,Marketing,Team Lead,4.2,98942.0,1,69,No,High,Senior,False
50,Female,Marketing,Manager,12.3,131257.0,5,1,No,High,Senior,True
52,Male,IT,Manager,3.1,76850.0,2,23,No,Low,Senior,False
29,Female,HR,Team Lead,13.1,27676.0,3,13,No,Low,Young,False
29,Male,Marketing,Team Lead,6.3,22747.0,5,1,Yes,Low,Young,False
44,Male,IT,Senior Executive,7.5,95973.0,5,43,Yes,High,Middle-Aged,False
57,Male,Finance,Manager,13.6,138715.0,2,3,No,High,Senior,False
37,Female,Operations,Manager,9.5,22136.0,5,44,No,Low,Middle-Aged,True
26,Female,Marketing,Manager,9.3,130431.0,2,58,No,High,Young,False
52,Male,Marketing,Team Lead,6.4,91094.0,5,69,Yes,High,Senior,False
33,Male,Marketing,Senior Executive,16.4,55933.0,5,37,Yes,Low,Middle-Aged,False
40,Male,IT,Senior Executive,6.4,40370.0,1,76,Yes,Low,Middle-Aged,False
24,Female,HR,Team Lead,13.1,82710.0,1,11,No,Low,Young,False
33,Female,IT,Manager,1.7,39880.0,2,67,No,Low,Middle-Aged,False
59,Female,Finance,Team Lead,18.3,23086.0,4,12,No,Low,Senior,True
33,Female,IT,Manager,19.3,117317.0,2,7,No,High,Middle-Aged,False
55,Female,Marketing,Manager,4.1,22574.0,3,7,No,Low,Senior,False
26,Female,IT,Executive,9.1,104643.0,2,10,No,High,Young,False
37,Female,IT,Senior Executive,2.6,140674.0,4,19,No,High,Middle-Aged,True
56,Female,Marketing,Manager,8.6,50249.0,4,67,No,Low,Senior,True
25,Female,Finance,Team Lead,17.4,63194.0,1,38,Yes,Low,Young,False
47,Female,Marketing,Executive,12.1,23217.0,2,14,No,Low,Senior,False
38,Female,Operations,Team Lead,3.2,87847.0,5,69,Yes,High,Middle-Aged,False
42,Male,HR,Executive,19.4,110107.0,4,43,No,High,Middle-Aged,True
25,Female,IT,Manager,11.4,89239.0,2,2,No,High,Young,False
39,Male,Marketing,Manager,1.9,40914.0,2,73,No,Low,Middle-Aged,False
54,Female,Finance,Executive,7.6,111443.0,3,7,Yes,High,Senior,False
24,Male,IT,Executive,3.3,137373.0,1,79,No,High,Young,False
35,Male,HR,Team Lead,17.7,41527.0,5,68,No,Low,Middle-Aged,True
24,Male,Marketing,Manager,8.1,102689.0,4,32,Yes,High,Young,False
27,Female,Finance,Manager,10.2,110413.0,2,1,No,High,Young,False
43,Male,Operations,Manager,16.9,117041.0,5,27,No,High,Middle-Aged,True
50,Male,Marketing,Executive,11.6,119050.0,4,43,No,High,Senior,True
28,Female,Operations,Manager,1.4,102646.0,2,72,No,High,Young,False
22,Female,HR,Team Lead,2.0,85279.0,1,49,Yes,Low,Young,False
34,Male,Operations,Senior Executive,3.9,55851.0,2,25,No,Low,Middle-Aged,False
40,Male,IT,Team Lead,13.7,148037.0,4,61,No,High,Middle-Aged,True
59,Male,Marketing,Senior Executive,12.5,63424.0,4,22,No,Low,Senior,True
25,Male,Operations,Executive,7.5,139913.0,1,75,Yes,High,Young,False
37,Female,Finance,Executive,6.6,114547.0,5,13,No,High,Middle-Aged,True
57,Female,Marketing,Manager,2.1,112745.0,2,34,Yes,High,Senior,False
32,Female,HR,Executive,1.9,88771.0,5,2,No,High,Middle-Aged,True
40,Male,IT,Team Lead,12.9,132597.0,2,2,Yes,High,Middle-Aged,False
29,Female,IT,Manager,16.0,126376.0,5,7,Yes,High,Young,False
55,Female,HR,Executive,10.3,64643.0,4,56,No,Low,Senior,True
36,Female,Marketing,Manager,13.9,95615.0,3,8,No,High,Middle-Aged,False
47,Male,HR,Manager,9.2,95757.0,3,12,No,High,Senior,False
24,Male,HR,Executive,1.6,123082.0,4,38,No,High,Young,True
46,Female,IT,Executive,0.5,60912.0,3,66,Yes,Low,Senior,False
49,Female,Finance,Team Lead,16.1,34143.0,5,40,Yes,Low,Senior,False
23,Male,Marketing,Team Lead,17.4,25147.0,3,78,No,Low,Young,False
54,Male,HR,Executive,19.7,108381.0,2,27,No,High,Senior,False
51,Male,IT,Executive,6.5,49387.0,4,26,Yes,Low,Senior,False
43,Male,IT,Executive,14.8,27940.0,5,49,No,Low,Middle-Aged,True
46,Male,IT,Executive,14.9,108410.0,1,18,No,High,Senior,False
43,Female,Marketing,Team Lead,13.5,122035.0,1,30,No,High,Middle-Aged,False
28,Female,HR,Manager,16.5,105549.0,5,15,No,High,Young,True
45,Female,HR,Executive,19.1,136661.0,2,48,Yes,High,Middle-Aged,False
52,Female,HR,Team Lead,4.4,57455.0,5,74,Yes,Low,Senior,False
31,Female,Finance,Senior Executive,14.7,68301.0,5,30,No,Low,Middle-Aged,True
36,Female,HR,Manager,8.6,42626.0,5,41,No,Low,Middle-Aged,True
52,Female,Marketing,Manager,16.6,45798.0,2,3,No,Low,Senior,False
46,Female,Operations,Executive,18.3,96340.0,1,29,Yes,High,Senior,False
43,Male,HR,Manager,18.9,86189.0,2,13,Yes,Low,Middle-Aged,False
57,Male,Marketing,Manager,15.3,126372.0,2,26,Yes,High,Senior,False
43,Female,HR,Executive,18.4,42306.0,3,15,Yes,Low,Middle-Aged,False
52,Male,Marketing,Manager,2.8,91097.0,5,54,No,High,Senior,True
51,Male,IT,Executive,2.3,33868.0,4,43,No,Low,Senior,True
25,Female,IT,Executive,8.6,98780.0,3,3,No,High,Young,False
26,Female,Finance,Executive,14.5,45786.0,4,42,No,Low,Young,True
49,Male,Finance,Senior Executive,16.2,106586.0,3,61,No,High,Senior,False
57,Female,Finance,Senior Executive,16.8,35756.0,5,14,No,Low,Senior,True
36,Female,IT,Manager,3.1,141216.0,5,21,No,High,Middle-Aged,True
37,Female,Operations,Executive,13.8,52384.0,2,74,No,Low,Middle-Aged,False
42,Female,Operations,Manager,11.3,40150.0,2,7,Yes,Low,Middle-Aged,False
23,Male,Marketing,Manager,3.8,34566.0,4,21,No,Low,Young,True
42,Female,IT,Executive,9.8,26267.0,4,79,No,Low,Middle-Aged,True
50,Male,Finance,Team Lead,15.6,78423.0,3,22,No,Low,Senior,False
25,Male,HR,Senior Executive,3.7,69594.0,2,38,No,Low,Young,False
42,Female,HR,Executive,18.0,115853.0,3,37,No,High,Middle-Aged,False
28,Female,Marketing,Manager,3.7,125605.0,3,70,Yes,High,Young,False
41,Male,IT,Team Lead,2.1,79037.0,5,32,No,Low,Middle-Aged,True
41,Female,HR,Executive,7.6,38742.0,5,7,No,Low,Middle-Aged,True
41,Male,Marketing,Senior Executive,15.7,100632.0,5,73,No,High,Middle-Aged,True
35,Female,HR,Senior Executive,15.6,65161.0,5,15,Yes,Low,Middle-Aged,False
23,Female,IT,Manager,17.4,86358.0,4,73,Yes,Low,Young,False
29,Female,IT,Executive,4.0,129428.0,1,61,No,High,Young,False
28,Male,Finance,Executive,4.8,94078.0,4,0,No,High,Young,True
43,Female,Finance,Senior Executive,4.5,26503.0,4,72,No,Low,Middle-Aged,True
59,Male,IT,Executive,4.5,148742.0,3,19,Yes,High,Senior,False
34,Male,HR,Team Lead,8.7,83108.0,2,68,No,Low,Middle-Aged,False
34,Male,Marketing,Senior Executive,19.9,146497.0,4,67,No,High,Middle-Aged,True
45,Male,HR,Senior Executive,13.7,108326.0,5,39,Yes,High,Middle-Aged,False
35,Male,IT,Manager,7.1,98356.0,5,39,Yes,High,Middle-Aged,False
37,Male,IT,Senior Executive,19.2,52109.0,5,34,No,Low,Middle-Aged,True
27,Female,Marketing,Team Lead,11.5,145704.0,1,2,No,High,Young,False
49,Female,Operations,Manager,1.3,66549.0,3,14,No,Low,Senior,False
59,Male,Operations,Senior Executive,1.9,77762.0,2,10,No,Low,Senior,False
25,Male,Finance,Executive,11.3,30889.0,4,48,No,Low,Young,True
24,Male,HR,Manager,4.3,109680.0,2,60,No,High,Young,False
40,Male,Finance,Executive,5.7,105101.0,5,38,No,High,Middle-Aged,True
32,Female,Operations,Senior Executive,7.8,137453.0,3,71,No,High,Middle-Aged,False
51,Female,HR,Team Lead,12.1,97130.0,3,72,No,High,Senior,False
57,Male,IT,Executive,18.7,120009.0,2,46,No,High,Senior,False
37,Female,Finance,Manager,2.2,81880.0,3,23,No,Low,Middle-Aged,False
23,Female,Operations,Executive,18.5,106181.0,3,41,No,High,Young,False
31,Female,HR,Senior Executive,8.9,94154.0,1,9,No,High,Middle-Aged,False
29,Male,IT,Senior Executive,6.6,113819.0,3,21,No,High,Young,False
23,Female,HR,Senior Executive,6.1,104618.0,2,42,No,High,Young,False
52,Male,HR,Senior Executive,7.5,100440.0,1,78,Yes,High,Senior,False
26,Male,Marketing,Manager,8.7,57927.0,3,79,No,Low,Young,False
27,Female,Finance,Senior Executive,8.2,96391.0,1,45,No,High,Young,False
29,Male,HR,Executive,17.0,95923.0,4,21,No,High,Young,True
53,Male,HR,Senior Executive,7.1,60189.0,3,41,No,Low,Senior,False
40,Female,Marketing,Executive,5.2,22690.0,3,26,No,Low,Middle-Aged,False
45,Male,Operations,Team Lead,18.7,106650.0,1,54,No,High,Middle-Aged,False
58,Male,Marketing,Team Lead,15.7,135059.0,3,57,No,High,Senior,False
42,Male,Operations,Senior Executive,1.1,97813.0,3,2,No,High,Middle-Aged,False
54,Male,IT,Senior Executive,11.3,95379.0,2,25,No,High,Senior,False
50,Male,IT,Executive,12.7,23220.0,5,14,Yes,Low,Senior,False
31,Female,Finance,Team Lead,3.4,87043.0,2,41,No,Low,Middle-Aged,False
40,Female,Marketing,Senior Executive,7.0,57089.0,5,1,No,Low,Middle-Aged,True
46,Male,Operations,Executive,4.0,113693.0,2,33,No,High,Senior,False
42,Male,HR,Team Lead,2.2,62068.0,5,62,Yes,Low,Middle-Aged,False
48,Female,Finance,Executive,10.5,110171.0,4,39,No,High,Senior,True
41,Male,Marketing,Manager,1.9,25833.0,4,19,No,Low,Middle-Aged,True
44,Female,Operations,Team Lead,9.5,125318.0,3,25,No,High,Middle-Aged,False
24,Male,HR,Manager,9.8,24127.0,1,79,No,Low,Young,False
47,Male,Marketing,Team Lead,12.1,66401.0,5,15,No,Low,Senior,True
43,Female,Finance,Senior Executive,17.2,71001.0,2,13,No,Low,Middle-Aged,False
59,Female,Finance,Manager,1.0,85868.0,2,51,No,Low,Senior,False
50,Male,Marketing,Team Lead,4.0,132029.0,2,2,No,High,Senior,False
47,Male,Finance,Manager,13.5,100949.0,1,8,Yes,High,Senior,False
51,Male,Marketing,Executive,8.8,44827.0,3,71,No,Low,Senior,False
42,Female,Marketing,Executive,4.0,148703.0,2,78,No,High,Middle-Aged,False
30,Male,IT,Executive,4.2,46033.0,2,11,No,Low,Young,False
48,Female,Operations,Senior Executive,4.2,21952.0,2,77,No,Low,Senior,False
23,Male,IT,Senior Executive,18.5,56304.0,2,19,No,Low,Young,False
44,Female,Marketing,Executive,7.9,107490.0,3,27,No,High,Middle-Aged,False
32,Male,IT,Manager,11.7,43444.0,5,10,No,Low,Middle-Aged,True
56,Female,Marketing,Manager,11.6,98306.0,3,4,No,High,Senior,False
39,Male,HR,Senior Executive,15.2,51931.0,5,28,Yes,Low,Middle-Aged,False
52,Male,IT,Executive,9.9,48475.0,2,44,No,Low,Senior,False
53,Female,HR,Senior Executive,8.0,45522.0,3,79,No,Low,Senior,False
36,Female,IT,Senior Executive,14.4,43968.0,2,50,No,Low,Middle-Aged,False
57,Female,Marketing,Executive,6.8,33476.0,1,55,No,Low,Senior,False
51,Female,Operations,Executive,2.4,38073.0,1,23,No,Low,Senior,False
36,Male,Finance,Team Lead,20.0,140816.0,3,71,No,High,Middle-Aged,False
36,Male,Finance,Senior Executive,18.7,74808.0,3,39,No,Low,Middle-Aged,False
32,Female,HR,Manager,9.4,73672.0,1,15,No,Low,Middle-Aged,False
30,Female,IT,Executive,14.6,125079.0,4,65,Yes,High,Young,False
56,Male,HR,Manager,16.4,29176.0,1,59,No,Low,Senior,False
37,Female,Operations,Executive,7.9,83235.0,3,6,No,Low,Middle-Aged,False
53,Female,IT,Executive,4.0,40326.0,5,31,No,Low,Senior,True
33,Female,Finance,Manager,3.6,23802.0,5,78,No,Low,Middle-Aged,True
35,Female,Operations,Executive,17.6,29501.0,1,55,No,Low,Middle-Aged,False
32,Male,Marketing,Executive,19.8,36864.0,3,79,No,Low,Middle-Aged,False
50,Male,Operations,Team Lead,9.3,31686.0,3,71,No,Low,Senior,False
56,Female,IT,Executive,19.6,86653.0,5,35,No,Low,Senior,True
39,Female,IT,Executive,9.7,137197.0,5,46,No,High,Middle-Aged,True
37,Female,Finance,Manager,9.3,147682.0,5,49,No,High,Middle-Aged,True
42,Male,HR,Manager,5.7,34418.0,4,31,No,Low,Middle-Aged,True
46,Male,Operations,Executive,11.6,131087.0,3,50,Yes,High,Senior,False
55,Female,Marketing,Team Lead,8.1,110465.0,4,55,No,High,Senior,True
31,Male,Operations,Manager,17.4,45049.0,2,62,No,Low,Middle-Aged,False
48,Male,Finance,Executive,19.1,77079.0,1,2,No,Low,Senior,False
38,Female,HR,Senior Executive,14.4,29197.0,5,70,Yes,Low,Middle-Aged,False
28,Male,HR,Manager,9.0,108332.0,3,17,No,High,Young,False
43,Male,Operations,Executive,7.6,61969.0,2,57,No,Low,Middle-Aged,False
59,Male,Operations,Executive,19.4,64569.0,4,71,No,Low,Senior,True
48,Female,HR,Senior Executive,13.8,45690.0,3,20,No,Low,Senior,False
24,Female,Finance,Manager,12.7,46411.0,5,24,Yes,Low,Young,False
34,Male,Operations,Executive,0.5,31881.0,1,1,Yes,Low,Middle-Aged,False
30,Male,Finance,Executive,19.7,120326.0,2,0,No,High,Young,False
46,Male,IT,Team Lead,7.1,66212.0,1,0,Yes,Low,Senior,False
35,Male,IT,Senior Executive,10.3,117376.0,1,60,No,High,Middle-Aged,False
34,Female,Marketing,Team Lead,3.7,54192.0,1,65,No,Low,Middle-Aged,False
29,Female,Marketing,Executive,19.3,102584.0,5,67,No,High,Young,True
59,Male,Marketing,Manager,17.7,62912.0,4,15,No,Low,Senior,True
41,Female,HR,Senior Executive,8.2,99378.0,2,0,No,High,Middle-Aged,False
51,Female,Marketing,Team Lead,16.0,76730.0,4,74,No,Low,Senior,True
41,Male,HR,Manager,19.9,110551.0,4,78,No,High,Middle-Aged,True
37,Female,Marketing,Manager,17.5,122065.0,5,38,No,High,Middle-Aged,True
53,Male,Finance,Executive,2.5,26465.0,5,34,Yes,Low,Senior,False
46,Female,Marketing,Team Lead,2.1,141893.0,3,6,No,High,Senior,False
24,Female,Marketing,Manager,7.2,32877.0,4,55,No,Low,Young,True
42,Male,Marketing,Manager,10.0,130783.0,2,62,No,High,Middle-Aged,False
26,Female,HR,Team Lead,5.0,124448.0,4,71,Yes,High,Young,False
54,Female,Operations,Senior Executive,3.6,56524.0,1,63,No,Low,Senior,False
29,Female,Marketing,Manager,5.0,32852.0,5,56,No,Low,Young,True
50,Female,IT,Manager,19.2,96928.0,1,63,Yes,High,Senior,False
34,Male,Marketing,Manager,16.3,142644.0,4,34,Yes,High,Middle-Aged,False
59,Male,IT,Executive,3.5,31781.0,1,5,No,Low,Senior,False
50,Female,Operations,Executive,8.9,102680.0,4,62,Yes,High,Senior,False
54,Female,IT,Manager,17.0,48217.0,5,41,No,Low,Senior,True
33,Male,Marketing,Senior Executive,5.8,40646.0,1,59,No,Low,Middle-Aged,False
32,Male,Operations,Manager,10.7,39852.0,1,17,No,Low,Middle-Aged,False
22,Male,Finance,Executive,6.1,28664.0,2,64,No,Low,Young,False
42,Female,Marketing,Executive,18.6,104960.0,2,68,Yes,High,Middle-Aged,False
48,Male,Marketing,Executive,10.5,42995.0,2,75,No,Low,Senior,False
49,Female,IT,Team Lead,6.5,135925.0,2,64,No,High,Senior,False
54,Male,HR,Senior Executive,14.9,100641.0,3,6,No,High,Senior,False
22,Male,Finance,Executive,5.1,29757.0,4,5,No,Low,Young,True
33,Male,Finance,Senior Executive,5.5,139923.0,1,2,Yes,High,Middle-Aged,False
46,Female,IT,Senior Executive,18.6,93649.0,5,58,No,High,Senior,True
27,Female,Finance,Executive,17.9,42783.0,2,77,No,Low,Young,False
56,Male,Finance,Senior Executive,3.9,37592.0,1,31,Yes,Low,Senior,False
31,Female,Finance,Senior Executive,2.4,100926.0,4,7,No,High,Middle-Aged,True
46,Male,HR,Executive,17.7,87085.0,1,62,No,Low,Senior,False
40,Male,Operations,Team Lead,8.9,95487.0,3,53,No,High,Middle-Aged,False
43,Female,HR,Team Lead,15.5,28803.0,5,32,No,Low,Middle-Aged,True
38,Male,IT,Executive,7.3,30750.0,1,37,No,Low,Middle-Aged,False
59,Female,Marketing,Manager,1.7,128247.0,2,27,No,High,Senior,False
50,Female,Finance,Senior Executive,2.9,37523.0,1,68,No,Low,Senior,False
53,Female,Finance,Senior Executive,9.6,62992.0,3,52,No,Low,Senior,False
27,Female,Finance,Team Lead,15.0,87179.0,3,13,Yes,High,Young,False
37,Female,Marketing,Team Lead,18.3,74113.0,4,34,No,Low,Middle-Aged,True
34,Male,HR,Executive,6.6,23810.0,1,7,No,Low,Middle-Aged,False
35,Female,Operations,Senior Executive,8.7,107539.0,5,78,No,High,Middle-Aged,True
22,Female,IT,Senior Executive,14.4,28364.0,5,39,No,Low,Young,True
51,Male,Marketing,Team Lead,14.0,43212.0,1,79,No,Low,Senior,False
38,Female,Marketing,Manager,15.7,32053.0,3,22,Yes,Low,Middle-Aged,False
55,Male,Operations,Team Lead,15.1,51383.0,5,17,No,Low,Senior,True
54,Female,Marketing,Manager,10.8,109492.0,1,59,No,High,Senior,False
21,Male,HR,Executive,15.3,104358.0,4,30,Yes,High,Young,False
40,Male,Operations,Senior Executive,9.2,57820.0,1,19,No,Low,Middle-Aged,False
49,Female,IT,Senior Executive,15.7,77004.0,1,2,No,Low,Senior,False
26,Female,Operations,Senior Executive,9.5,138253.0,1,71,Yes,High,Young,False
41,Male,Operations,Manager,2.7,23367.0,2,52,No,Low,Middle-Aged,False
40,Male,Marketing,Executive,16.3,76068.0,2,21,No,Low,Middle-Aged,False
22,Male,Marketing,Executive,3.6,91442.0,4,64,No,High,Young,True
36,Female,Marketing,Team Lead,11.1,31927.0,4,79,No,Low,Middle-Aged,True
36,Male,HR,Senior Executive,14.8,146413.0,2,55,Yes,High,Middle-Aged,False
38,Female,Operations,Manager,12.8,64904.0,5,23,No,Low,Middle-Aged,True
30,Female,Marketing,Executive,11.4,130861.0,1,33,No,High,Young,False
46,Male,Operations,Executive,19.5,95331.0,4,16,No,High,Senior,True
54,Male,HR,Executive,5.6,43580.0,2,13,No,Low,Senior,False
23,Male,Finance,Executive,10.3,97810.0,2,52,No,High,Young,False
59,Female,IT,Senior Executive,15.0,72586.0,2,40,No,Low,Senior,False
21,Female,Operations,Team Lead,19.6,84223.0,4,50,No,Low,Young,True
49,Male,Marketing,Senior Executive,5.1,35058.0,4,15,No,Low,Senior,True
21,Female,Finance,Manager,1.2,51480.0,4,12,Yes,Low,Young,False
29,Male,Operations,Executive,16.3,121577.0,5,21,Yes,High,Young,False
27,Male,IT,Manager,13.1,31400.0,4,60,No,Low,Young,True
49,Female,HR,Executive,9.2,129284.0,2,5,No,High,Senior,False
49,Female,IT,Executive,18.3,24422.0,1,32,Yes,Low,Senior,False
53,Male,Marketing,Executive,19.6,23941.0,2,58,No,Low,Senior,False
38,Male,IT,Executive,7.8,55838.0,1,0,No,Low,Middle-Aged,False
42,Male,HR,Executive,8.7,78056.0,5,4,No,Low,Middle-Aged,True
54,Female,Operations,Team Lead,11.4,89979.0,2,7,Yes,High,Senior,False
28,Male,Operations,Executive,8.0,79212.0,3,44,No,Low,Young,False
25,Female,Finance,Team Lead,9.2,112381.0,5,21,Yes,High,Young,False
26,Male,HR,Senior Executive,5.1,91087.0,4,70,No,High,Young,True
58,Female,IT,Senior Executive,16.8,66175.0,4,46,Yes,Low,Senior,False
51,Male,IT,Team Lead,9.2,139405.0,1,74,No,High,Senior,False
50,Male,HR,Team Lead,18.1,139899.0,4,35,No,High,Senior,True
54,Female,Finance,Executive,16.5,87397.0,2,43,No,High,Senior,False
26,Female,Operations,Manager,10.2,132133.0,2,41,No,High,Young,False
45,Female,HR,Manager,4.4,45159.0,4,40,Yes,Low,Middle-Aged,False
21,Male,HR,Senior Executive,0.8,54332.0,3,64,No,Low,Young,False
37,Male,IT,Team Lead,6.0,145047.0,3,12,No,High,Middle-Aged,False
37,Female,IT,Executive,16.3,113594.0,5,54,No,High,Middle-Aged,True
33,Female,IT,Team Lead,11.3,23850.0,4,14,No,Low,Middle-Aged,True
43,Male,Marketing,Executive,15.5,48293.0,3,23,No,Low,Middle-Aged,False
24,Male,Marketing,Manager,2.4,123988.0,4,74,No,High,Young,True
41,Female,HR,Senior Executive,15.2,100895.0,5,24,No,High,Middle-Aged,True
25,Male,IT,Manager,19.7,20543.0,4,29,No,Low,Young,True
27,Male,Marketing,Executive,1.0,135313.0,1,43,Yes,High,Young,False
58,Female,HR,Manager,3.1,90818.0,4,35,Yes,High,Senior,False
35,Female,Marketing,Executive,17.2,140848.0,2,55,No,High,Middle-Aged,False
27,Female,Finance,Team Lead,7.9,62935.0,3,32,No,Low,Young,False
28,Female,Operations,Senior Executive,6.8,141106.0,1,60,Yes,High,Young,False
27,Male,HR,Senior Executive,17.1,128198.0,1,64,No,High,Young,False
58,Male,IT,Team Lead,17.7,115170.0,2,4,No,High,Senior,False
54,Male,Finance,Team Lead,19.9,48094.0,2,75,No,Low,Senior,False
32,Female,IT,Team Lead,5.4,37371.0,1,59,No,Low,Middle-Aged,False
45,Male,IT,Senior Executive,11.8,77613.0,2,53,No,Low,Middle-Aged,False
36,Male,Finance,Senior Executive,2.4,115267.0,1,39,No,High,Middle-Aged,False
36,Female,HR,Senior Executive,10.3,29728.0,3,28,No,Low,Middle-Aged,False
36,Female,Operations,Team Lead,16.8,118048.0,4,36,No,High,Middle-Aged,True
22,Female,Operations,Team Lead,7.0,59176.0,1,59,No,Low,Young,False
28,Female,Marketing,Executive,10.5,58233.0,5,7,No,Low,Young,True
54,Male,Operations,Team Lead,13.5,122194.0,4,66,Yes,High,Senior,False
50,Male,Finance,Team Lead,1.9,135819.0,5,67,No,High,Senior,True
47,Female,IT,Team Lead,6.1,147485.0,2,58,No,High,Senior,False
48,Female,Operations,Manager,7.7,111825.0,1,25,No,High,Senior,False
35,Female,IT,Executive,18.4,124429.0,4,6,No,High,Middle-Aged,True
24,Male,IT,Manager,14.1,134068.0,1,19,No,High,Young,False
48,Female,Finance,Team Lead,12.6,86091.0,5,46,No,Low,Senior,True
37,Male,IT,Executive,5.2,84743.0,3,42,Yes,Low,Middle-Aged,False
33,Male,IT,Manager,17.1,97561.0,1,4,No,High,Middle-Aged,False
37,Male,Marketing,Senior Executive,4.9,30278.0,4,54,No,Low,Middle-Aged,True
28,Male,IT,Team Lead,15.5,49203.0,2,61,No,Low,Young,False
58,Female,HR,Team Lead,5.8,27430.0,4,3,Yes,Low,Senior,False
28,Female,Finance,Team Lead,19.0,116450.0,3,52,No,High,Young,False
34,Male,HR,Senior Executive,1.5,59791.0,3,33,No,Low,Middle-Aged,False
32,Male,IT,Senior Executive,2.7,139486.0,5,8,No,High,Middle-Aged,True
39,Male,IT,Senior Executive,17.9,42531.0,3,25,No,Low,Middle-Aged,False
30,Female,Operations,Executive,3.7,79951.0,1,8,No,Low,Young,False
30,Female,Marketing,Executive,11.9,41236.0,5,42,No,Low,Young,True
23,Female,HR,Manager,7.5,53270.0,2,62,No,Low,Young,False
54,Male,HR,Senior Executive,11.8,36590.0,5,73,No,Low,Senior,True
25,Female,IT,Team Lead,12.5,96497.0,1,70,No,High,Young,False
23,Female,Finance,Executive,9.7,142121.0,5,41,No,High,Young,True
51,Male,Marketing,Manager,10.2,127896.0,3,22,No,High,Senior,False
45,Female,IT,Manager,14.9,76224.0,4,46,No,Low,Middle-Aged,True
26,Female,HR,Team Lead,4.1,133914.0,2,68,Yes,High,Young,False
23,Female,HR,Team Lead,14.2,30990.0,3,21,No,Low,Young,False
29,Male,IT,Team Lead,1.1,121416.0,2,23,Yes,High,Young,False
23,Female,HR,Team Lead,15.9,134565.0,4,59,No,High,Young,True
45,Female,HR,Senior Executive,8.4,140339.0,3,62,Yes,High,Middle-Aged,False
45,Male,IT,Executive,13.8,94798.0,1,8,No,High,Middle-Aged,False
59,Female,IT,Team Lead,3.4,49678.0,1,1,No,Low,Senior,False
31,Male,Finance,Team Lead,19.3,48076.0,2,49,No,Low,Middle-Aged,False
46,Female,Finance,Senior Executive,18.5,99095.0,1,62,Yes,High,Senior,False
28,Female,Finance,Manager,17.6,118210.0,4,22,No,High,Young,True
44,Female,IT,Manager,16.4,22469.0,1,23,No,Low,Middle-Aged,False
40,Male,HR,Executive,15.1,32777.0,3,37,Yes,Low,Middle-Aged,False
23,Male,HR,Executive,0.9,91817.0,3,5,No,High,Young,False
30,Male,Marketing,Executive,9.6,66606.0,4,43,No,Low,Young,True
58,Female,Operations,Manager,4.6,60278.0,3,36,Yes,Low,Senior,False
42,Male,Finance,Team Lead,1.9,121122.0,3,59,Yes,High,Middle-Aged,False
29,Male,IT,Senior Executive,14.1,75609.0,3,57,No,Low,Young,False
52,Female,Marketing,Senior Executive,19.9,42924.0,3,34,No,Low,Senior,False
48,Female,Operations,Team Lead,19.5,136739.0,2,37,No,High,Senior,False
23,Male,HR,Senior Executive,8.1,101705.0,2,79,No,High,Young,False
42,Female,Finance,Team Lead,5.0,45758.0,2,49,No,Low,Middle-Aged,False
45,Male,IT,Executive,12.3,128528.0,5,43,No,High,Middle-Aged,True
24,Female,HR,Executive,3.1,89105.0,1,34,No,High,Young,False
43,Female,Marketing,Executive,16.4,132216.0,4,63,No,High,Middle-Aged,True
50,Female,HR,Executive,18.0,61333.0,1,5,Yes,Low,Senior,False
56,Female,IT,Team Lead,12.4,109443.0,4,53,Yes,High,Senior,False
46,Female,Marketing,Executive,17.7,135058.0,3,44,No,High,Senior,False
51,Male,Operations,Senior Executive,4.4,124357.0,1,71,Yes,High,Senior,False
29,Female,HR,Senior Executive,17.6,41266.0,2,9,Yes,Low,Young,False
43,Female,Marketing,Senior Executive,6.7,52636.0,4,9,No,Low,Middle-Aged,True
27,Female,Finance,Manager,10.5,135665.0,3,27,No,High,Young,False
26,Female,HR,Senior Executive,18.5,124361.0,1,16,No,High,Young,False
44,Male,Operations,Executive,10.3,28758.0,3,3,No,Low,Middle-Aged,False
53,Female,Marketing,Senior Executive,16.1,48268.0,2,37,No,Low,Senior,False
52,Male,Operations,Manager,4.7,111076.0,3,75,No,High,Senior,False
25,Female,Marketing,Team Lead,1.4,40080.0,4,47,No,Low,Young,True
37,Male,Finance,Senior Executive,18.9,106104.0,4,24,No,High,Middle-Aged,True
23,Female,Operations,Team Lead,18.4,24276.0,4,17,Yes,Low,Young,False
26,Male,IT,Executive,15.8,31703.0,1,60,No,Low,Young,False
43,Male,IT,Executive,10.2,143299.0,5,13,Yes,High,Middle-Aged,False
50,Male,Operations,Executive,5.0,81530.0,3,78,No,Low,Senior,False
45,Male,Finance,Executive,1.3,79548.0,1,22,Yes,Low,Middle-Aged,False
41,Female,IT,Team Lead,17.2,91714.0,1,43,No,High,Middle-Aged,False
41,Female,IT,Executive,18.0,112759.0,3,72,No,High,Middle-Aged,False
39,Male,HR,Executive,5.2,21027.0,4,0,No,Low,Middle-Aged,True
22,Female,HR,Executive,13.3,62920.0,5,28,No,Low,Young,True
35,Female,Marketing,Executive,10.4,42670.0,5,45,Yes,Low,Middle-Aged,False
45,Male,Marketing,Senior Executive,10.1,73607.0,1,34,Yes,Low,Middle-Aged,False
26,Male,Operations,Team Lead,9.9,55666.0,4,5,No,Low,Young,True
53,Male,Marketing,Manager,10.5,50969.0,5,72,No,Low,Senior,True
25,Female,Operations,Executive,1.8,118474.0,3,51,No,High,Young,False
41,Female,HR,Manager,4.9,122085.0,2,30,Yes,High,Middle-Aged,False
52,Female,Marketing,Executive,5.1,146730.0,4,63,No,High,Senior,True
53,Male,Operations,Manager,8.3,148149.0,3,18,No,High,Senior,False
50,Female,IT,Manager,8.0,109967.0,3,29,No,High,Senior,False
31,Male,HR,Team Lead,19.6,42272.0,1,52,No,Low,Middle-Aged,False
48,Female,Operations,Executive,18.5,136269.0,3,13,Yes,High,Senior,False
44,Male,IT,Senior Executive,14.1,87130.0,4,25,No,Low,Middle-Aged,True
31,Male,Finance,Team Lead,7.7,124645.0,4,19,No,High,Middle-Aged,True
38,Female,Finance,Team Lead,11.5,64358.0,4,32,No,Low,Middle-Aged,True
42,Female,Operations,Senior Executive,9.8,88024.0,4,39,No,High,Middle-Aged,True
59,Male,Finance,Manager,7.7,28842.0,1,25,No,Low,Senior,False
29,Male,Operations,Senior Executive,17.2,121975.0,1,12,No,High,Young,False
31,Female,Finance,Team Lead,15.6,22064.0,3,53,No,Low,Middle-Aged,False
24,Male,Marketing,Manager,14.4,76163.0,2,17,No,Low,Young,False
51,Female,Operations,Team Lead,7.7,23595.0,3,78,Yes,Low,Senior,False
23,Female,Finance,Senior Executive,8.4,58175.0,3,57,No,Low,Young,False
21,Male,Marketing,Executive,7.5,110762.0,5,53,No,High,Young,True
58,Female,HR,Senior Executive,13.9,119505.0,2,52,No,High,Senior,False
59,Female,Marketing,Team Lead,14.9,101199.0,2,42,No,High,Senior,False
57,Female,Marketing,Executive,16.3,67158.0,5,7,Yes,Low,Senior,False
42,Female,Finance,Executive,11.6,106233.0,5,38,No,High,Middle-Aged,True
54,Female,Finance,Team Lead,6.3,42127.0,1,66,No,Low,Senior,False
44,Female,Marketing,Executive,16.1,31813.0,4,65,No,Low,Middle-Aged,True
26,Male,HR,Senior Executive,12.6,95064.0,2,4,Yes,High,Young,False
40,Female,Finance,Senior Executive,19.3,100735.0,3,58,No,High,Middle-Aged,False
23,Female,IT,Executive,7.8,50682.0,4,63,No,Low,Young,True
47,Male,Marketing,Executive,3.7,64591.0,3,52,No,Low,Senior,False
26,Male,Finance,Executive,16.8,146868.0,3,57,No,High,Young,False
32,Female,IT,Executive,0.5,92591.0,5,69,No,High,Middle-Aged,True
59,Male,HR,Team Lead,3.6,112856.0,5,63,Yes,High,Senior,False
54,Male,Finance,Team Lead,12.4,72342.0,4,8,Yes,Low,Senior,False
41,Female,Operations,Manager,14.0,33732.0,4,55,Yes,Low,Middle-Aged,False
24,Male,Operations,Manager,5.4,141222.0,2,41,Yes,High,Young,False
25,Male,Marketing,Team Lead,1.1,144310.0,2,74,No,High,Young,False
27,Male,Operations,Executive,11.3,68274.0,4,6,No,Low,Young,True
44,Female,IT,Senior Executive,15.7,147448.0,5,13,No,High,Middle-Aged,True
36,Male,HR,Senior Executive,19.8,21052.0,5,13,Yes,Low,Middle-Aged,False
50,Male,Operations,Manager,6.6,122266.0,2,59,No,High,Senior,False
57,Male,HR,Senior Executive,6.5,71105.0,4,72,No,Low,Senior,True
28,Male,Marketing,Executive,14.3,68740.0,1,15,Yes,Low,Young,False
59,Female,Operations,Senior Executive,15.8,134214.0,3,46,No,High,Senior,False
27,Female,Marketing,Executive,6.1,78694.0,3,44,No,Low,Young,False
32,Female,Marketing,Manager,2.7,142445.0,3,51,No,High,Middle-Aged,False
26,Female,HR,Senior Executive,5.4,59749.0,3,59,Yes,Low,Young,False
45,Male,Finance,Senior Executive,5.4,72818.0,2,13,No,Low,Middle-Aged,False
50,Male,HR,Senior Executive,10.5,124279.0,1,33,No,High,Senior,False
31,Female,HR,Executive,4.3,136020.0,4,51,No,High,Middle-Aged,True
50,Female,IT,Executive,2.0,30194.0,3,6,No,Low,Senior,False
57,Male,Marketing,Executive,19.3,55086.0,4,39,Yes,Low,Senior,False
46,Male,Marketing,Executive,12.3,127451.0,1,18,No,High,Senior,False
31,Female,HR,Manager,0.8,120741.0,3,46,No,High,Middle-Aged,False
43,Male,IT,Senior Executive,14.4,29695.0,4,17,No,Low,Middle-Aged,True
37,Female,Marketing,Executive,4.0,41432.0,4,10,No,Low,Middle-Aged,True
37,Female,IT,Executive,8.2,32710.0,5,34,No,Low,Middle-Aged,True
55,Female,Finance,Manager,11.2,120931.0,2,44,No,High,Senior,False
37,Female,Marketing,Executive,14.8,111559.0,5,26,No,High,Middle-Aged,True
33,Male,Operations,Executive,19.3,36233.0,1,20,Yes,Low,Middle-Aged,False
24,Female,IT,Manager,5.4,23227.0,3,37,No,Low,Young,False
47,Female,Marketing,Manager,1.3,72157.0,5,25,No,Low,Senior,True
49,Female,HR,Senior Executive,4.4,79357.0,3,62,No,Low,Senior,False
58,Female,HR,Senior Executive,6.9,70672.0,4,15,No,Low,Senior,True
46,Male,Operations,Team Lead,4.7,146458.0,2,58,Yes,High,Senior,False
56,Female,IT,Team Lead,8.7,47497.0,3,26,No,Low,Senior,False
43,Male,IT,Team Lead,8.8,76737.0,1,30,No,Low,Middle-Aged,False
29,Male,HR,Manager,19.0,45208.0,4,41,No,Low,Young,True
22,Male,Operations,Executive,19.0,52331.0,2,66,No,Low,Young,False
25,Female,Operations,Senior Executive,9.9,103638.0,2,20,No,High,Young,False
46,Female,Finance,Manager,11.3,40129.0,3,31,No,Low,Senior,False
24,Male,Marketing,Senior Executive,9.3,25003.0,4,4,No,Low,Young,True
40,Male,Marketing,Manager,19.6,27572.0,5,73,No,Low,Middle-Aged,True
44,Male,IT,Executive,15.2,102387.0,3,61,No,High,Middle-Aged,False
49,Male,HR,Executive,9.8,93747.0,1,20,No,High,Senior,False
35,Male,Finance,Executive,14.8,130438.0,3,78,Yes,High,Middle-Aged,False
44,Female,HR,Executive,15.4,92851.0,1,77,No,High,Middle-Aged,False
29,Male,IT,Senior Executive,2.7,66648.0,4,44,Yes,Low,Young,False
46,Male,HR,Manager,6.8,144332.0,2,67,No,High,Senior,False
47,Female,Marketing,Manager,6.9,117778.0,1,67,Yes,High,Senior,False
29,Male,IT,Team Lead,18.9,38662.0,5,48,No,Low,Young,True
59,Female,IT,Senior Executive,17.1,59198.0,4,76,Yes,Low,Senior,False
25,Female,Marketing,Senior Executive,6.4,124946.0,2,68,Yes,High,Young,False
28,Female,HR,Manager,19.8,114594.0,4,67,No,High,Young,True
